item_id,item_name,category_name,total_quantity_sold,unique_order_count,total_revenue,total_cost,gross_profit,avg_unit_price,avg_cost_price,contribution_margin_pct,profit_per_unit,mean_gap_days,max_gap_days,total_unique_buyers,repeat_purchase_pct,wasted_quantity,wasted_cost,normalized_trend_slope,q4_vs_q1_growth_pct,wastage_percentage,score_vol,score_freq,score_gap,score_repeat,score_waste,score_margin,score_trend,low_sales_volume_val,low_sales_volume_score,low_purchase_frequency_val,low_purchase_frequency_score,long_gaps_between_purchases_val,long_gaps_between_purchases_score,low_repeat_purchase_val,low_repeat_purchase_score,high_wastage_val,high_wastage_score,weak_profitability_val,weak_profitability_score,poor_trend_val,poor_trend_score,flag_low_sales_volume,flag_low_purchase_frequency,flag_long_gaps_between_purchases,flag_low_repeat_purchase,flag_high_wastage,flag_weak_profitability,flag_poor_trend,srs_dimensions_triggered_count,slow_moving_index,movement_class,recommended_action
ITEM-051,A5 Miyazaki Japanese Wagyu (4oz),Prime Steaks & Butcher Cuts,667,457,63365.0,21344.0,42021.0,95.0,32.0,66.3157894736842,63.0,1.3869731800766283,5.0,436,1.146788990825688,869,27808.0,0.031767333116658455,35.82089552238806,56.575520833333336,0.9933333333333333,0.9933333333333333,1.0,0.9533333333333334,0.8866666666666667,0.38,0.9733333333333334,667,0.9933333333333333,457,0.9933333333333333,1.3869731800766283,1.0,1.146788990825688,0.9533333333333334,56.575520833333336,0.8866666666666667,66.3157894736842,0.38,0.031767333116658455,0.9733333333333334,True,True,True,True,True,False,True,6,0.8982666666666667,Critical Slow-Moving,Immediate Menu Retirement / Phase-Out (Excessive Wastage Loss)
ITEM-006,Soft-Shell Crab Sliders,Appetizers & Small Plates,3191,2159,62224.5,32548.199999999997,29676.300000000003,19.5,10.2,47.69230769230769,9.3,1.002754820936639,2.0,2041,1.8618324350808426,8519,86893.8,0.030308143752205176,30.89311859443631,72.74978650725875,0.8733333333333333,0.8733333333333333,0.8333333333333334,0.8866666666666667,0.98,0.85,0.98,3191,0.8733333333333333,2159,0.8733333333333333,1.002754820936639,0.8333333333333334,1.8618324350808426,0.8866666666666667,72.74978650725875,0.98,47.69230769230769,0.85,0.030308143752205176,0.98,True,True,True,True,True,True,True,7,0.8915999999999998,Critical Slow-Moving,Immediate Menu Retirement / Phase-Out (Excessive Wastage Loss)
ITEM-005,Wild Alaskan Salmon Tartare,Appetizers & Small Plates,3544,2433,74424.0,40756.0,33668.0,21.0,11.5,45.23809523809524,9.5,1.0139275766016713,2.0,2292,2.7923211169284468,9217,105995.5,0.034073150325972,36.916548797736915,72.22788182744299,0.8533333333333333,0.86,0.8933333333333333,0.8333333333333334,0.9733333333333334,0.8733333333333333,0.9066666666666666,3544,0.8533333333333333,2433,0.86,1.0139275766016713,0.8933333333333333,2.7923211169284468,0.8333333333333334,72.22788182744299,0.9733333333333334,45.23809523809524,0.8733333333333333,0.034073150325972,0.9066666666666666,True,True,True,True,True,True,True,7,0.8825333333333334,Critical Slow-Moving,Immediate Menu Retirement / Phase-Out (Excessive Wastage Loss)
ITEM-072,Whole Grilled Red Snapper Mojo,Chef Specials & Seafood,2091,1476,87822.0,36592.5,51229.5,42.0,17.5,58.333333333333336,24.5,1.0402298850574712,2.0,1397,1.3600572655690766,8505,148837.5,0.037382990037222466,39.568345323741006,80.26613816534541,0.9133333333333333,0.9066666666666666,0.9333333333333333,0.9266666666666666,1.0,0.5700000000000001,0.7333333333333334,2091,0.9133333333333333,1476,0.9066666666666666,1.0402298850574712,0.9333333333333333,1.3600572655690766,0.9266666666666666,80.26613816534541,1.0,58.333333333333336,0.5700000000000001,0.037382990037222466,0.7333333333333334,True,True,True,True,True,False,True,6,0.8702666666666667,Critical Slow-Moving,Immediate Menu Retirement / Phase-Out (Excessive Wastage Loss)
ITEM-047,Dry-Aged Tomahawk Ribeye (36oz),Prime Steaks & Butcher Cuts,987,677,123375.0,37506.0,85869.0,125.0,38.0,69.6,87.0,1.2073578595317727,4.0,638,1.2539184952978055,529,20102.0,0.03277573490339448,46.19047619047619,34.894459102902374,0.98,0.98,0.9866666666666667,0.9333333333333333,0.7666666666666667,0.30000000000000004,0.96,987,0.98,677,0.98,1.2073578595317727,0.9866666666666667,1.2539184952978055,0.9333333333333333,34.894459102902374,0.7666666666666667,69.6,0.30000000000000004,0.03277573490339448,0.96,True,True,True,True,True,False,True,6,0.8610666666666668,Critical Slow-Moving,Immediate Menu Retirement / Phase-Out (Excessive Wastage Loss)
ITEM-029,Truffle Lobster Roll,Artisanal Burgers & Handhelds,2058,1436,69972.0,29841.0,40131.0,34.0,14.5,57.35294117647059,19.5,1.0459770114942528,3.0,1371,1.3858497447118892,1573,22808.5,0.038329017920854656,51.127819548872175,43.321399063618834,0.92,0.92,0.94,0.9133333333333333,0.8066666666666666,0.6,0.6133333333333333,2058,0.92,1436,0.92,1.0459770114942528,0.94,1.3858497447118892,0.9133333333333333,43.321399063618834,0.8066666666666666,57.35294117647059,0.6,0.038329017920854656,0.6133333333333333,True,True,True,True,True,False,False,5,0.8373333333333333,Critical Slow-Moving,Immediate Menu Retirement / Phase-Out (Excessive Wastage Loss)
ITEM-066,Seared Diver Scallops Sweet Corn,Chef Specials & Seafood,4249,2830,152964.0,71383.2,81580.8,36.0,16.8,53.333333333333336,19.2,1.0027624309392265,2.0,2635,3.3776091081593926,8933,150074.4,0.034591438215820426,35.95890410958904,67.76665149446215,0.8200000000000001,0.8200000000000001,0.86,0.7666666666666666,0.9466666666666667,0.7266666666666667,0.9,4249,0.8200000000000001,2830,0.8200000000000001,1.0027624309392265,0.86,3.3776091081593926,0.7666666666666666,67.76665149446215,0.9466666666666667,53.333333333333336,0.7266666666666667,0.034591438215820426,0.9,True,True,True,True,True,True,True,7,0.8334666666666667,Critical Slow-Moving,Immediate Menu Retirement / Phase-Out (Excessive Wastage Loss)
ITEM-060,Pepper-Crusted Bison Tenderloin,Prime Steaks & Butcher Cuts,1145,794,66410.0,28625.0,37785.0,58.0,25.0,56.896551724137936,33.0,1.123456790123457,4.0,752,1.0638297872340425,829,20725.0,0.04239777689559349,58.58585858585859,41.99594731509625,0.9666666666666667,0.9666666666666667,0.96,0.96,0.7933333333333333,0.6133333333333333,0.2533333333333333,1145,0.9666666666666667,794,0.9666666666666667,1.123456790123457,0.96,1.0638297872340425,0.96,41.99594731509625,0.7933333333333333,56.896551724137936,0.6133333333333333,0.04239777689559349,0.2533333333333333,True,True,True,True,True,False,False,5,0.8266666666666667,Critical Slow-Moving,Immediate Menu Retirement / Phase-Out (Excessive Wastage Loss)
ITEM-064,Butter Poached Maine Lobster Tail,Chef Specials & Seafood,2354,1608,122408.0,55319.0,67089.0,52.0,23.5,54.807692307692314,28.5,1.0196078431372548,2.0,1528,1.5706806282722512,9564,224754.0,0.042706656130615354,50.32119914346895,80.24836381943278,0.9,0.9,0.9066666666666666,0.9,0.9933333333333333,0.6799999999999999,0.23333333333333328,2354,0.9,1608,0.9,1.0196078431372548,0.9066666666666666,1.5706806282722512,0.9,80.24836381943278,0.9933333333333333,54.807692307692314,0.6799999999999999,0.042706656130615354,0.23333333333333328,True,True,True,True,True,False,False,5,0.8210666666666667,Critical Slow-Moving,Immediate Menu Retirement / Phase-Out (Excessive Wastage Loss)
ITEM-057,Roasted Veal Chop Chanterelles,Prime Steaks & Butcher Cuts,1208,843,59192.0,26576.0,32616.0,49.0,22.0,55.10204081632652,27.0,1.1666666666666667,4.0,803,0.9962640099626401,747,16434.0,0.048696336775806974,62.38532110091744,38.209718670076725,0.96,0.96,0.9733333333333334,0.9666666666666667,0.78,0.6666666666666667,0.020000000000000018,1208,0.96,843,0.96,1.1666666666666667,0.9733333333333334,0.9962640099626401,0.9666666666666667,38.209718670076725,0.78,55.10204081632652,0.6666666666666667,0.048696336775806974,0.020000000000000018,True,True,True,True,True,False,False,5,0.8086666666666665,Critical Slow-Moving,Immediate Menu Retirement / Phase-Out (Excessive Wastage Loss)
ITEM-118,Dark Chocolate Souffle Grand Marnier,Handcrafted Desserts & Pastries,1762,1212,29073.0,7048.0,22025.0,16.5,4.0,75.75757575757575,12.5,1.0401146131805157,2.0,1159,1.380500431406385,1144,4576.0,0.037719374836287435,40.92219020172911,39.36682725395733,0.9333333333333333,0.9333333333333333,0.9266666666666666,0.92,0.7866666666666666,0.17333333333333334,0.6733333333333333,1762,0.9333333333333333,1212,0.9333333333333333,1.0401146131805157,0.9266666666666666,1.380500431406385,0.92,39.36682725395733,0.7866666666666666,75.75757575757575,0.17333333333333334,0.037719374836287435,0.6733333333333333,True,True,True,True,True,False,False,5,0.7926666666666667,Critical Slow-Moving,Switch to Made-to-Order / Zero Pre-Batching
ITEM-045,Linguine alle Vongole (Clams),Wood-Fired Pizzas & Pastas,4139,2788,103475.0,49668.0,53807.0,25.0,12.0,52.0,13.0,1.0083102493074791,2.0,2608,2.875766871165644,9147,109764.0,0.042464904025667494,45.27845036319613,68.84690651813939,0.8333333333333334,0.8333333333333334,0.8766666666666667,0.8266666666666667,0.9533333333333334,0.7766666666666666,0.24,4139,0.8333333333333334,2788,0.8333333333333334,1.0083102493074791,0.8766666666666667,2.875766871165644,0.8266666666666667,68.84690651813939,0.9533333333333334,52.0,0.7766666666666666,0.042464904025667494,0.24,True,True,True,True,True,True,False,6,0.79,Critical Slow-Moving,Immediate Menu Retirement / Phase-Out (Excessive Wastage Loss)
ITEM-056,Pan-Roasted Duck Breast Plum Glaze,Prime Steaks & Butcher Cuts,3768,2579,131880.0,52752.0,79128.0,35.0,14.0,60.0,21.0,1.0083102493074791,2.0,2413,2.693742229589722,1222,17108.0,0.036323549062402566,42.00792602377807,24.48897795591182,0.8466666666666667,0.8466666666666667,0.8766666666666667,0.8466666666666667,0.7333333333333333,0.5066666666666666,0.7933333333333333,3768,0.8466666666666667,2579,0.8466666666666667,1.0083102493074791,0.8766666666666667,2.693742229589722,0.8466666666666667,24.48897795591182,0.7333333333333333,60.0,0.5066666666666666,0.036323549062402566,0.7933333333333333,True,True,True,True,True,False,True,6,0.7894666666666668,Critical Slow-Moving,Immediate Menu Retirement / Phase-Out (Excessive Wastage Loss)
ITEM-075,Seafood Bouillabaisse Saffron Rouille,Chef Specials & Seafood,2939,2016,108743.0,48493.5,60249.5,37.0,16.5,55.4054054054054,20.5,1.011111111111111,3.0,1897,2.1085925144965736,9215,152047.5,0.04764000885130521,56.68449197860963,75.81866052328452,0.8866666666666667,0.8866666666666667,0.8866666666666667,0.88,0.9866666666666667,0.6533333333333333,0.040000000000000036,2939,0.8866666666666667,2016,0.8866666666666667,1.011111111111111,0.8866666666666667,2.1085925144965736,0.88,75.81866052328452,0.9866666666666667,55.4054054054054,0.6533333333333333,0.04764000885130521,0.040000000000000036,True,True,True,True,True,False,False,5,0.7870666666666667,Critical Slow-Moving,Immediate Menu Retirement / Phase-Out (Excessive Wastage Loss)
ITEM-008,Reserve Osetra Caviar Blinis,Appetizers & Small Plates,814,574,52910.0,13431.0,39479.0,65.0,16.5,74.61538461538461,48.5,1.2604166666666667,4.0,551,0.9074410163339384,1019,16813.5,0.04783422965241148,72.46376811594203,55.59192580469177,0.9866666666666667,0.9866666666666667,0.9933333333333333,0.98,0.8733333333333333,0.18666666666666665,0.033333333333333326,814,0.9866666666666667,574,0.9866666666666667,1.2604166666666667,0.9933333333333333,0.9074410163339384,0.98,55.59192580469177,0.8733333333333333,74.61538461538461,0.18666666666666665,0.04783422965241148,0.033333333333333326,True,True,True,True,True,False,False,5,0.7796,Critical Slow-Moving,Immediate Menu Retirement / Phase-Out (Excessive Wastage Loss)
ITEM-048,Dry-Aged Bone-in NY Strip (16oz),Prime Steaks & Butcher Cuts,4657,3144,260792.0,121082.0,139710.0,56.0,26.0,53.57142857142857,30.0,1.002754820936639,2.0,2938,3.063308373042886,763,19838.0,0.03640808407825802,40.42780748663102,14.07749077490775,0.7866666666666666,0.7866666666666666,0.8333333333333334,0.7933333333333333,0.7,0.7066666666666667,0.7866666666666666,4657,0.7866666666666666,3144,0.7866666666666666,1.002754820936639,0.8333333333333334,3.063308373042886,0.7933333333333333,14.07749077490775,0.7,53.57142857142857,0.7066666666666667,0.03640808407825802,0.7866666666666666,True,True,True,True,True,True,True,7,0.7733333333333332,Critical Slow-Moving,Immediate Menu Retirement / Phase-Out (Excessive Wastage Loss)
ITEM-074,Fried Softshell Crab Basket,Chef Specials & Seafood,3540,2451,92040.0,42480.0,49560.0,26.0,12.0,53.84615384615385,14.0,1.002754820936639,2.0,2290,3.0131004366812224,8501,102012.0,0.04421002726087472,52.71659324522761,70.60044846773523,0.86,0.8533333333333333,0.8333333333333334,0.8066666666666666,0.96,0.7,0.15333333333333332,3540,0.86,2451,0.8533333333333333,1.002754820936639,0.8333333333333334,3.0131004366812224,0.8066666666666666,70.60044846773523,0.96,53.84615384615385,0.7,0.04421002726087472,0.15333333333333332,True,True,True,True,True,True,False,6,0.7713333333333332,Critical Slow-Moving,Immediate Menu Retirement / Phase-Out (Excessive Wastage Loss)
ITEM-073,Pacific Black Cod Miso Glaze,Chef Specials & Seafood,2635,1795,115940.0,47430.0,68510.0,44.0,18.0,59.09090909090909,26.0,1.0167597765363128,2.0,1699,1.5303119482048262,1315,23670.0,0.04361407093854911,43.51145038167939,33.291139240506325,0.8933333333333333,0.8933333333333333,0.9,0.9066666666666666,0.76,0.5433333333333333,0.17333333333333334,2635,0.8933333333333333,1795,0.8933333333333333,1.0167597765363128,0.9,1.5303119482048262,0.9066666666666666,33.291139240506325,0.76,59.09090909090909,0.5433333333333333,0.04361407093854911,0.17333333333333334,True,True,True,True,True,False,False,5,0.7636000000000001,Critical Slow-Moving,Immediate Menu Retirement / Phase-Out (Excessive Wastage Loss)
ITEM-105,Artisanal Vegan Charcuterie Board,Vegan & Plant-Based Creations,2205,1447,57330.0,18742.5,38587.5,26.0,8.5,67.3076923076923,17.5,1.0224719101123596,2.0,1380,1.8115942028985508,735,6247.5,0.041311069882498455,47.66355140186916,25.0,0.9066666666666666,0.9133333333333333,0.9133333333333333,0.8933333333333333,0.74,0.36,0.3533333333333334,2205,0.9066666666666666,1447,0.9133333333333333,1.0224719101123596,0.9133333333333333,1.8115942028985508,0.8933333333333333,25.0,0.74,67.3076923076923,0.36,0.041311069882498455,0.3533333333333334,True,True,True,True,True,False,False,5,0.7626666666666667,Critical Slow-Moving,Switch to Made-to-Order / Zero Pre-Batching
ITEM-054,Coffee-Crusted Prime Ribeye (14oz),Prime Steaks & Butcher Cuts,5491,3780,285532.0,126293.0,159239.0,52.0,23.0,55.769230769230774,29.0,1.002754820936639,2.0,3518,3.6384309266628763,775,17825.0,0.033720786589116584,40.09049773755656,12.368337057133738,0.7466666666666666,0.7466666666666666,0.8333333333333334,0.7333333333333334,0.6866666666666666,0.6333333333333333,0.9266666666666666,5491,0.7466666666666666,3780,0.7466666666666666,1.002754820936639,0.8333333333333334,3.6384309266628763,0.7333333333333334,12.368337057133738,0.6866666666666666,55.769230769230774,0.6333333333333333,0.033720786589116584,0.9266666666666666,True,True,True,True,False,False,True,5,0.7546666666666666,Critical Slow-Moving,Immediate Menu Retirement / Phase-Out (Excessive Wastage Loss)
ITEM-113,Vintage Champagne Berry Float,Handcrafted Desserts & Pastries,1351,901,32424.0,7430.5,24993.5,24.0,5.5,77.08333333333334,18.5,1.1375,3.0,857,0.9334889148191364,811,4460.5,0.04748619256391277,54.31654676258992,37.51156336725254,0.9533333333333334,0.9533333333333334,0.9666666666666667,0.9733333333333334,0.7733333333333333,0.16000000000000003,0.053333333333333344,1351,0.9533333333333334,901,0.9533333333333334,1.1375,0.9666666666666667,0.9334889148191364,0.9733333333333334,37.51156336725254,0.7733333333333333,77.08333333333334,0.16000000000000003,0.04748619256391277,0.053333333333333344,True,True,True,True,True,False,False,5,0.7478666666666667,Critical Slow-Moving,Switch to Made-to-Order / Zero Pre-Batching
ITEM-065,Jumbo Lump Crab Cakes (2pcs),Chef Specials & Seafood,5182,3503,165824.0,77730.0,88094.0,32.0,15.0,53.125,17.0,1.0,1.0,3253,3.442975714724869,7916,118740.0,0.03384496630347653,45.73412698412698,60.436707894335015,0.7533333333333333,0.7533333333333333,0.4066666666666667,0.7533333333333333,0.9066666666666666,0.74,0.92,5182,0.7533333333333333,3503,0.7533333333333333,1.0,0.4066666666666667,3.442975714724869,0.7533333333333333,60.436707894335015,0.9066666666666666,53.125,0.74,0.03384496630347653,0.92,True,True,False,True,True,True,True,6,0.7343999999999999,Critical Slow-Moving,Immediate Menu Retirement / Phase-Out (Excessive Wastage Loss)
ITEM-049,Colorado Rosemary Lamb Chops,Prime Steaks & Butcher Cuts,4163,2791,183172.0,81178.5,101993.5,44.0,19.5,55.68181818181818,24.5,1.0055248618784531,2.0,2615,2.676864244741874,1056,20592.0,0.043933486643071076,48.717948717948715,20.233761256945776,0.8266666666666667,0.8266666666666667,0.8666666666666667,0.8533333333333333,0.7266666666666667,0.64,0.16000000000000003,4163,0.8266666666666667,2791,0.8266666666666667,1.0055248618784531,0.8666666666666667,2.676864244741874,0.8533333333333333,20.233761256945776,0.7266666666666667,55.68181818181818,0.64,0.043933486643071076,0.16000000000000003,True,True,True,True,True,False,False,5,0.7337333333333335,Critical Slow-Moving,Immediate Menu Retirement / Phase-Out (Excessive Wastage Loss)
ITEM-149,Rare Blue Mountain Jamaican Pour-Over,Specialty Coffee & Beverages,1482,1020,17784.0,3705.0,14079.0,12.0,2.5,79.16666666666666,9.5,1.0865671641791044,3.0,981,0.7135575942915392,55,137.5,0.037937770731292994,52.29681978798587,3.5783994795055305,0.9466666666666667,0.9466666666666667,0.9533333333333334,0.9933333333333333,0.26,0.11333333333333329,0.6533333333333333,1482,0.9466666666666667,1020,0.9466666666666667,1.0865671641791044,0.9533333333333334,0.7135575942915392,0.9933333333333333,3.5783994795055305,0.26,79.16666666666666,0.11333333333333329,0.037937770731292994,0.6533333333333333,True,True,True,True,False,False,False,4,0.7287999999999999,Critical Slow-Moving,Switch to Made-to-Order / Zero Pre-Batching
ITEM-069,Grilled Yellowfin Ahi Tuna Steak,Chef Specials & Seafood,4608,3131,152064.0,68198.40000000001,83865.59999999999,33.0,14.8,55.15151515151514,18.2,1.0,1.0,2928,2.4931693989071038,8832,130713.6,0.03824300699300699,42.365591397849464,65.71428571428571,0.7933333333333333,0.7933333333333333,0.4066666666666667,0.86,0.9333333333333333,0.6599999999999999,0.6266666666666667,4608,0.7933333333333333,3131,0.7933333333333333,1.0,0.4066666666666667,2.4931693989071038,0.86,65.71428571428571,0.9333333333333333,55.15151515151514,0.6599999999999999,0.03824300699300699,0.6266666666666667,True,True,False,True,True,False,False,4,0.7277333333333333,Critical Slow-Moving,Immediate Menu Retirement / Phase-Out (Excessive Wastage Loss)
ITEM-035,Black Truffle Tagliolini Caviar,Wood-Fired Pizzas & Pastas,1799,1241,75558.0,20688.5,54869.5,42.0,11.5,72.61904761904762,30.5,1.0340909090909092,3.0,1183,1.183431952662722,750,8625.0,0.05156710993286869,58.550724637681164,29.423303256178894,0.9266666666666666,0.9266666666666666,0.92,0.9466666666666667,0.7466666666666667,0.20666666666666667,0.00666666666666671,1799,0.9266666666666666,1241,0.9266666666666666,1.0340909090909092,0.92,1.183431952662722,0.9466666666666667,29.423303256178894,0.7466666666666667,72.61904761904762,0.20666666666666667,0.05156710993286869,0.00666666666666671,True,True,True,True,True,False,False,5,0.7248000000000001,Critical Slow-Moving,Switch to Made-to-Order / Zero Pre-Batching
ITEM-061,Pan-Seared Chilean Sea Bass,Chef Specials & Seafood,3167,2132,145682.0,58589.5,87092.5,46.0,18.5,59.78260869565217,27.5,1.002754820936639,2.0,1984,3.024193548387097,1334,24679.0,0.044687235719758606,50.645161290322584,29.637858253721394,0.88,0.88,0.8333333333333334,0.8,0.7533333333333333,0.52,0.12,3167,0.88,2132,0.88,1.002754820936639,0.8333333333333334,3.024193548387097,0.8,29.637858253721394,0.7533333333333333,59.78260869565217,0.52,0.044687235719758606,0.12,True,True,True,True,True,False,False,5,0.7244,Critical Slow-Moving,Immediate Menu Retirement / Phase-Out (Excessive Wastage Loss)
ITEM-062,Crispy Skin Mediterranean Branzino,Chef Specials & Seafood,3489,2379,132582.0,55824.0,76758.0,38.0,16.0,57.89473684210527,22.0,1.0,1.0,2248,2.179715302491103,8631,138096.0,0.041308648359379224,51.65945165945166,71.2128712871287,0.8666666666666667,0.8666666666666667,0.4066666666666667,0.8733333333333333,0.9666666666666667,0.5800000000000001,0.36,3489,0.8666666666666667,2379,0.8666666666666667,1.0,0.4066666666666667,2.179715302491103,0.8733333333333333,71.2128712871287,0.9666666666666667,57.89473684210527,0.5800000000000001,0.041308648359379224,0.36,True,True,False,True,True,False,False,4,0.7229333333333334,Critical Slow-Moving,Immediate Menu Retirement / Phase-Out (Excessive Wastage Loss)
ITEM-133,Rare Japanese Whisky Flight (3-pour),Signature Cocktails & Mocktails,1038,712,57090.0,14532.0,42558.0,55.0,14.0,74.54545454545455,41.0,1.1856677524429968,4.0,683,0.8784773060029283,88,1232.0,0.055539835886656695,61.62162162162163,7.8152753108348145,0.9733333333333334,0.9733333333333334,0.98,0.9866666666666667,0.5066666666666667,0.19333333333333336,0.0,1038,0.9733333333333334,712,0.9733333333333334,1.1856677524429968,0.98,0.8784773060029283,0.9866666666666667,7.8152753108348145,0.5066666666666667,74.54545454545455,0.19333333333333336,0.055539835886656695,0.0,True,True,True,True,False,False,False,4,0.7200000000000001,Critical Slow-Moving,Switch to Made-to-Order / Zero Pre-Batching
ITEM-018,Prime Wagyu Truffle Burger,Artisanal Burgers & Handhelds,4045,2734,113260.0,46517.5,66742.5,28.0,11.5,58.92857142857143,16.5,1.0,1.0,2555,2.4266144814090023,914,10511.0,0.03865948637271258,44.25587467362924,18.431135309538213,0.84,0.84,0.4066666666666667,0.8666666666666667,0.72,0.5533333333333333,0.5800000000000001,4045,0.84,2734,0.84,1.0,0.4066666666666667,2.4266144814090023,0.8666666666666667,18.431135309538213,0.72,58.92857142857143,0.5533333333333333,0.03865948637271258,0.5800000000000001,True,True,False,True,True,False,False,4,0.6972,Critical Slow-Moving,Switch to Made-to-Order / Zero Pre-Batching
ITEM-067,Seafood Paella Valenciana,Chef Specials & Seafood,5705,3833,199675.0,91280.0,108395.0,35.0,16.0,54.285714285714285,19.0,1.0,1.0,3524,3.688989784335982,8465,135440.0,0.03626557491588166,44.91228070175438,59.738884968242765,0.72,0.72,0.4066666666666667,0.7,0.8933333333333333,0.69,0.8133333333333334,5705,0.72,3833,0.72,1.0,0.4066666666666667,3.688989784335982,0.7,59.738884968242765,0.8933333333333333,54.285714285714285,0.69,0.03626557491588166,0.8133333333333334,True,True,False,True,True,False,True,5,0.6970666666666667,Critical Slow-Moving,Immediate Menu Retirement / Phase-Out (Excessive Wastage Loss)
ITEM-053,Smoked Bone-in Kurobuta Pork Chop,Prime Steaks & Butcher Cuts,4575,3104,155550.0,63135.00000000001,92415.0,34.0,13.8,59.411764705882355,20.2,1.0,1.0,2896,2.7624309392265194,771,10639.8,0.03744583285566892,41.286307053941904,14.42199775533109,0.8,0.8066666666666666,0.4066666666666667,0.84,0.7066666666666667,0.5333333333333333,0.72,4575,0.8,3104,0.8066666666666666,1.0,0.4066666666666667,2.7624309392265194,0.84,14.42199775533109,0.7066666666666667,59.411764705882355,0.5333333333333333,0.03744583285566892,0.72,True,True,False,True,True,False,True,5,0.6906666666666667,Critical Slow-Moving,Switch to Made-to-Order / Zero Pre-Batching
ITEM-125,Black Truffle Infused Manhattan,Signature Cocktails & Mocktails,1691,1127,47348.0,7609.5,39738.5,28.0,4.5,83.92857142857143,23.5,1.0801186943620178,2.0,1063,1.2229539040451554,162,729.0,0.047516055795180576,52.012383900928796,8.742579600647598,0.94,0.94,0.9466666666666667,0.94,0.56,0.020000000000000018,0.046666666666666634,1691,0.94,1127,0.94,1.0801186943620178,0.9466666666666667,1.2229539040451554,0.94,8.742579600647598,0.56,83.92857142857143,0.020000000000000018,0.047516055795180576,0.046666666666666634,True,True,True,True,False,False,False,4,0.6881333333333334,Critical Slow-Moving,Switch to Made-to-Order / Zero Pre-Batching
ITEM-110,Fresh Wild Berry Pavlova,Handcrafted Desserts & Pastries,4564,3127,61614.0,26471.2,35142.8,13.5,5.8,57.03703703703704,7.7,1.0,1.0,2887,3.602355386214063,9210,53418.0,0.040781304584985564,41.05603448275862,66.86510817482213,0.8066666666666666,0.8,0.4066666666666667,0.74,0.94,0.6066666666666667,0.4066666666666666,4564,0.8066666666666666,3127,0.8,1.0,0.4066666666666667,3.602355386214063,0.74,66.86510817482213,0.94,57.03703703703704,0.6066666666666667,0.040781304584985564,0.4066666666666666,True,True,False,True,True,False,False,4,0.6869333333333333,Critical Slow-Moving,Immediate Menu Retirement / Phase-Out (Excessive Wastage Loss)
ITEM-030,Grilled Halloumi Flatbread,Artisanal Burgers & Handhelds,5118,3500,71652.0,28149.0,43503.0,14.0,5.5,60.71428571428571,8.5,1.0,1.0,3244,3.1134401972872996,707,3888.5,0.03287451118635175,37.43016759776536,12.13733905579399,0.7666666666666666,0.76,0.4066666666666667,0.7866666666666666,0.68,0.5,0.9533333333333334,5118,0.7666666666666666,3500,0.76,1.0,0.4066666666666667,3.1134401972872996,0.7866666666666666,12.13733905579399,0.68,60.71428571428571,0.5,0.03287451118635175,0.9533333333333334,True,True,False,True,False,False,True,4,0.6853333333333335,Critical Slow-Moving,Switch to Made-to-Order / Zero Pre-Batching
ITEM-090,Warm Roasted Butternut Squash Bowl,Farm-Fresh Salads & Grain Bowls,4526,3102,63364.0,20367.0,42997.0,14.0,4.5,67.85714285714286,9.5,1.0,1.0,2888,2.9778393351800556,809,3640.5,0.036228905870973924,38.559322033898304,15.164011246485472,0.8133333333333334,0.8133333333333334,0.4066666666666667,0.8200000000000001,0.7133333333333334,0.3533333333333334,0.8200000000000001,4526,0.8133333333333334,3102,0.8133333333333334,1.0,0.4066666666666667,2.9778393351800556,0.8200000000000001,15.164011246485472,0.7133333333333334,67.85714285714286,0.3533333333333334,0.036228905870973924,0.8200000000000001,True,True,False,True,True,False,True,5,0.6806666666666668,Critical Slow-Moving,Switch to Made-to-Order / Zero Pre-Batching
ITEM-078,Burrata Caprese Heirloom Salad,Farm-Fresh Salads & Grain Bowls,6678,4530,110187.0,52088.4,58098.6,16.5,7.8,52.72727272727272,8.7,1.0,1.0,4184,4.278202676864245,8423,65699.4,0.03602686621554546,36.51362984218077,55.77776306204887,0.6533333333333333,0.6533333333333333,0.4066666666666667,0.6533333333333333,0.88,0.7566666666666666,0.8266666666666667,6678,0.6533333333333333,4530,0.6533333333333333,1.0,0.4066666666666667,4.278202676864245,0.6533333333333333,55.77776306204887,0.88,52.72727272727272,0.7566666666666666,0.03602686621554546,0.8266666666666667,False,False,False,False,True,True,True,3,0.6753333333333333,Critical Slow-Moving,Immediate Menu Retirement / Phase-Out (Excessive Wastage Loss)
ITEM-096,Roasted Eggplant Harissa Shakshuka,Vegan & Plant-Based Creations,5692,3897,85380.0,25614.0,59766.0,15.0,4.5,70.0,10.5,1.002754820936639,2.0,3604,3.662597114317425,784,3528.0,0.03830182466865531,38.09114359415305,12.106238418777023,0.7333333333333334,0.7066666666666667,0.8333333333333334,0.72,0.6733333333333333,0.2766666666666666,0.62,5692,0.7333333333333334,3897,0.7066666666666667,1.002754820936639,0.8333333333333334,3.662597114317425,0.72,12.106238418777023,0.6733333333333333,70.0,0.2766666666666666,0.03830182466865531,0.62,True,True,True,True,False,False,False,4,0.6686666666666667,Critical Slow-Moving,Switch to Made-to-Order / Zero Pre-Batching
ITEM-027,Chipotle Fish Tacos (3pcs),Artisanal Burgers & Handhelds,7101,4760,117166.5,61778.7,55387.8,16.5,8.7,47.27272727272728,7.800000000000001,1.0,1.0,4373,4.6878573061971185,8015,69730.5,0.03750284358649378,45.80369843527738,53.023286583752316,0.6266666666666667,0.64,0.4066666666666667,0.6066666666666667,0.86,0.86,0.7066666666666667,7101,0.6266666666666667,4760,0.64,1.0,0.4066666666666667,4.6878573061971185,0.6066666666666667,53.023286583752316,0.86,47.27272727272728,0.86,0.03750284358649378,0.7066666666666667,False,False,False,False,True,True,True,3,0.6594666666666666,Critical Slow-Moving,Immediate Menu Retirement / Phase-Out (Excessive Wastage Loss)
ITEM-039,Handcrafted Lobster Ravioli,Wood-Fired Pizzas & Pastas,4729,3233,139505.5,52964.799999999996,86540.7,29.5,11.2,62.033898305084755,18.3,1.0,1.0,3021,2.9791459781529297,8400,94080.0,0.0421709819045408,54.97787610619469,63.98050118059258,0.78,0.78,0.4066666666666667,0.8133333333333334,0.9266666666666666,0.4733333333333334,0.2733333333333333,4729,0.78,3233,0.78,1.0,0.4066666666666667,2.9791459781529297,0.8133333333333334,63.98050118059258,0.9266666666666666,62.033898305084755,0.4733333333333334,0.0421709819045408,0.2733333333333333,True,True,False,True,True,False,False,4,0.6579999999999999,Critical Slow-Moving,Immediate Menu Retirement / Phase-Out (Excessive Wastage Loss)
ITEM-119,Matcha Green Tea Crepe Cake,Handcrafted Desserts & Pastries,5100,3453,58650.0,16320.000000000002,42330.0,11.5,3.2,72.17391304347827,8.3,1.0,1.0,3195,3.4428794992175273,7900,25280.0,0.038338132455779515,41.858141858141856,60.76923076923077,0.7733333333333333,0.7733333333333333,0.4066666666666667,0.76,0.9133333333333333,0.21333333333333337,0.6066666666666667,5100,0.7733333333333333,3453,0.7733333333333333,1.0,0.4066666666666667,3.4428794992175273,0.76,60.76923076923077,0.9133333333333333,72.17391304347827,0.21333333333333337,0.038338132455779515,0.6066666666666667,True,True,False,True,True,False,False,4,0.6485333333333333,Moderate Slow-Moving,Bundle with High-Velocity Anchor Item
ITEM-148,Cold Pressed Green Detox Juice,Specialty Coffee & Beverages,5699,3807,48441.5,23365.899999999998,25075.600000000002,8.5,4.1,51.76470588235295,4.4,1.0,1.0,3513,3.700540848277825,8865,36346.5,0.044608488546021445,49.50045413260672,60.86926668497665,0.7266666666666667,0.7266666666666667,0.4066666666666667,0.6933333333333334,0.92,0.7966666666666666,0.1266666666666667,5699,0.7266666666666667,3807,0.7266666666666667,1.0,0.4066666666666667,3.700540848277825,0.6933333333333334,60.86926668497665,0.92,51.76470588235295,0.7966666666666666,0.044608488546021445,0.1266666666666667,True,True,False,False,True,True,False,4,0.6462666666666668,Moderate Slow-Moving,Bundle with High-Velocity Anchor Item
ITEM-036,Slow-Braised Wild Boar Pappardelle,Wood-Fired Pizzas & Pastas,5630,3795,146380.0,53485.0,92895.0,26.0,9.5,63.46153846153846,16.5,1.002754820936639,2.0,3506,3.308613804905876,663,6298.5,0.04650411755207492,56.232686980609415,10.535515652312093,0.74,0.7333333333333334,0.8333333333333334,0.7733333333333333,0.64,0.45333333333333337,0.06666666666666665,5630,0.74,3795,0.7333333333333334,1.002754820936639,0.8333333333333334,3.308613804905876,0.7733333333333333,10.535515652312093,0.64,63.46153846153846,0.45333333333333337,0.04650411755207492,0.06666666666666665,True,True,True,True,False,False,False,4,0.6428000000000001,Moderate Slow-Moving,Bundle with High-Velocity Anchor Item
ITEM-021,California Turkey Avocado Club,Artisanal Burgers & Handhelds,8267,5547,132272.0,73576.3,58695.7,16.0,8.9,44.375,7.1,1.0,1.0,5059,5.218422613164657,7365,65548.5,0.032923892365043936,37.4178123132098,47.11489252814739,0.5266666666666666,0.52,0.4066666666666667,0.5333333333333333,0.82,0.88,0.9466666666666667,8267,0.5266666666666666,5547,0.52,1.0,0.4066666666666667,5.218422613164657,0.5333333333333333,47.11489252814739,0.82,44.375,0.88,0.032923892365043936,0.9466666666666667,False,False,False,False,True,True,True,3,0.6328,Moderate Slow-Moving,Review Pricing & Portion Sizing
ITEM-010,Smoked Duck Croquettes,Appetizers & Small Plates,6066,4088,97056.0,42462.0,54594.0,16.0,7.0,56.25,9.0,1.0,1.0,3758,4.204364023416711,906,6342.0,0.038236738533474444,42.003231017770595,12.994836488812393,0.7,0.7,0.4066666666666667,0.6666666666666667,0.6933333333333334,0.6266666666666667,0.6333333333333333,6066,0.7,4088,0.7,1.0,0.4066666666666667,4.204364023416711,0.6666666666666667,12.994836488812393,0.6933333333333334,56.25,0.6266666666666667,0.038236738533474444,0.6333333333333333,True,True,False,False,False,False,False,2,0.632,Moderate Slow-Moving,Bundle with High-Velocity Anchor Item
ITEM-024,Portobello Mushroom Swiss Burger,Artisanal Burgers & Handhelds,6105,4118,91575.0,35409.0,56166.0,15.0,5.8,61.33333333333333,9.2,1.0,1.0,3776,3.972457627118644,702,4071.6,0.03538770811498084,36.82946357085669,10.312913177611282,0.6933333333333334,0.6933333333333334,0.4066666666666667,0.6799999999999999,0.6333333333333333,0.4866666666666667,0.8666666666666667,6105,0.6933333333333334,4118,0.6933333333333334,1.0,0.4066666666666667,3.972457627118644,0.6799999999999999,10.312913177611282,0.6333333333333333,61.33333333333333,0.4866666666666667,0.03538770811498084,0.8666666666666667,False,False,False,False,False,False,True,1,0.6297333333333334,Moderate Slow-Moving,Bundle with High-Velocity Anchor Item
ITEM-099,Lentil Shepherd's Pie Sweet Potato,Vegan & Plant-Based Creations,5153,3485,90177.5,26795.600000000002,63381.9,17.5,5.2,70.28571428571428,12.3,1.0,1.0,3216,3.2027363184079602,582,3026.4,0.037495979665589596,35.92592592592593,10.14821272885789,0.76,0.7666666666666666,0.4066666666666667,0.78,0.6266666666666667,0.2666666666666667,0.7133333333333334,5153,0.76,3485,0.7666666666666666,1.0,0.4066666666666667,3.2027363184079602,0.78,10.14821272885789,0.6266666666666667,70.28571428571428,0.2666666666666667,0.037495979665589596,0.7133333333333334,True,True,False,True,False,False,True,4,0.6248000000000001,Moderate Slow-Moving,Bundle with High-Velocity Anchor Item
ITEM-071,Steamed Blue Mussels White Wine,Chef Specials & Seafood,5842,3888,128524.0,55499.0,73025.0,22.0,9.5,56.81818181818182,12.5,1.0,1.0,3582,3.6850921273031827,8782,83429.0,0.04605185981426995,48.86267902274642,60.05196936542669,0.7066666666666667,0.7133333333333334,0.4066666666666667,0.7133333333333334,0.9,0.62,0.07999999999999996,5842,0.7066666666666667,3888,0.7133333333333334,1.0,0.4066666666666667,3.6850921273031827,0.7133333333333334,60.05196936542669,0.9,56.81818181818182,0.62,0.04605185981426995,0.07999999999999996,True,True,False,True,True,False,False,4,0.6146666666666667,Moderate Slow-Moving,Bundle with High-Velocity Anchor Item
ITEM-046,USDA Prime Center-Cut Filet Mignon (8oz),Prime Steaks & Butcher Cuts,7328,4944,351744.0,179536.0,172208.0,48.0,24.5,48.95833333333333,23.5,1.0,1.0,4522,5.241043785935426,796,19502.0,0.03669038385195591,41.81568088033013,9.798129000492368,0.6,0.6,0.4066666666666667,0.5266666666666666,0.6,0.8333333333333334,0.78,7328,0.6,4944,0.6,1.0,0.4066666666666667,5.241043785935426,0.5266666666666666,9.798129000492368,0.6,48.95833333333333,0.8333333333333334,0.03669038385195591,0.78,False,False,False,False,False,True,True,2,0.6048,Moderate Slow-Moving,Review Pricing & Portion Sizing
ITEM-014,Spanakopita Herb Triangles,Appetizers & Small Plates,5719,3782,62909.0,25735.5,37173.5,11.0,4.5,59.09090909090909,6.5,1.0,1.0,3519,3.495311167945439,734,3303.0,0.04206075442305553,49.74182444061962,11.37455447078878,0.7133333333333334,0.74,0.4066666666666667,0.7466666666666666,0.6466666666666666,0.5433333333333333,0.29333333333333333,5719,0.7133333333333334,3782,0.74,1.0,0.4066666666666667,3.495311167945439,0.7466666666666666,11.37455447078878,0.6466666666666666,59.09090909090909,0.5433333333333333,0.04206075442305553,0.29333333333333333,True,True,False,True,False,False,False,3,0.6014666666666667,Moderate Slow-Moving,Bundle with High-Velocity Anchor Item
ITEM-087,Green Goddess Farro Bowl,Farm-Fresh Salads & Grain Bowls,6123,4167,88783.5,29390.399999999998,59393.1,14.5,4.8,66.89655172413794,9.7,1.0,1.0,3839,3.6467830164105237,678,3254.4,0.037640947979017556,42.72226593233675,9.969122187913543,0.6866666666666666,0.6833333333333333,0.4066666666666667,0.7266666666666667,0.6066666666666667,0.3733333333333333,0.6799999999999999,6123,0.6866666666666666,4167,0.6833333333333333,1.0,0.4066666666666667,3.6467830164105237,0.7266666666666667,9.969122187913543,0.6066666666666667,66.89655172413794,0.3733333333333333,0.037640947979017556,0.6799999999999999,False,False,False,True,False,False,False,1,0.5974666666666666,Moderate Slow-Moving,Bundle with High-Velocity Anchor Item
ITEM-043,Burrata Caprese Pizza,Wood-Fired Pizzas & Pastas,7052,4782,144566.0,59942.0,84624.0,20.5,8.5,58.536585365853654,12.0,1.0,1.0,4394,4.528903049613109,7308,62118.0,0.04094657469586568,45.52727272727273,50.891364902506965,0.6333333333333333,0.6333333333333333,0.4066666666666667,0.6333333333333333,0.8466666666666667,0.56,0.3933333333333333,7052,0.6333333333333333,4782,0.6333333333333333,1.0,0.4066666666666667,4.528903049613109,0.6333333333333333,50.891364902506965,0.8466666666666667,58.536585365853654,0.56,0.04094657469586568,0.3933333333333333,False,False,False,False,True,False,False,1,0.5941333333333334,Moderate Slow-Moving,Bundle with High-Velocity Anchor Item
ITEM-115,Pecan Pie Bourbon Whipped Cream,Handcrafted Desserts & Pastries,6181,4167,61810.0,18543.0,43267.0,10.0,3.0,70.0,7.0,1.0,1.0,3850,3.6883116883116887,629,1887.0,0.03579433024506637,46.262458471760795,9.236417033773863,0.6799999999999999,0.6833333333333333,0.4066666666666667,0.7066666666666667,0.5666666666666667,0.2766666666666666,0.8333333333333334,6181,0.6799999999999999,4167,0.6833333333333333,1.0,0.4066666666666667,3.6883116883116887,0.7066666666666667,9.236417033773863,0.5666666666666667,70.0,0.2766666666666666,0.03579433024506637,0.8333333333333334,False,False,False,True,False,False,True,2,0.5916000000000001,Moderate Slow-Moving,Bundle with High-Velocity Anchor Item
ITEM-028,Cubano Roast Pork Sandwich,Artisanal Burgers & Handhelds,6504,4432,100812.0,46828.8,53983.200000000004,15.5,7.2,53.548387096774185,8.3,1.0,1.0,4106,3.9454456892352656,497,3578.4,0.039235672077000495,39.130434782608695,7.098985859162976,0.6733333333333333,0.6733333333333333,0.4066666666666667,0.6866666666666666,0.44666666666666666,0.7133333333333334,0.5333333333333333,6504,0.6733333333333333,4432,0.6733333333333333,1.0,0.4066666666666667,3.9454456892352656,0.6866666666666666,7.098985859162976,0.44666666666666666,53.548387096774185,0.7133333333333334,0.039235672077000495,0.5333333333333333,False,False,False,False,False,True,False,1,0.5916,Moderate Slow-Moving,Bundle with High-Velocity Anchor Item
ITEM-146,Acai Berry Superfood Smoothie,Specialty Coffee & Beverages,8284,5590,66189.16,28165.6,38023.56,7.99,3.4,57.446808510638306,4.59,1.0,1.0,5110,5.166340508806262,8191,27849.399999999998,0.03630555827562105,39.66745843230404,49.71775417298937,0.5133333333333333,0.4866666666666667,0.4066666666666667,0.54,0.84,0.5866666666666667,0.8,8284,0.5133333333333333,5590,0.4866666666666667,1.0,0.4066666666666667,5.166340508806262,0.54,49.71775417298937,0.84,57.446808510638306,0.5866666666666667,0.03630555827562105,0.8,False,False,False,False,True,False,True,2,0.5789333333333333,Moderate Slow-Moving,Bundle with High-Velocity Anchor Item
ITEM-082,Wild Rice & Avocado Harvest Bowl,Farm-Fresh Salads & Grain Bowls,7758,5157,120249.0,58185.0,62064.0,15.5,7.5,51.61290322580645,8.0,1.0,1.0,4720,4.957627118644068,8638,64785.0,0.04340748192256313,51.97588747488279,52.68358136130764,0.5666666666666667,0.5800000000000001,0.4066666666666667,0.5733333333333333,0.8533333333333334,0.81,0.19999999999999996,7758,0.5666666666666667,5157,0.5800000000000001,1.0,0.4066666666666667,4.957627118644068,0.5733333333333333,52.68358136130764,0.8533333333333334,51.61290322580645,0.81,0.04340748192256313,0.19999999999999996,False,False,False,False,True,True,False,2,0.5768,Moderate Slow-Moving,Bundle with High-Velocity Anchor Item
ITEM-094,Creamy Cashew Alfredo Tagliatelle,Vegan & Plant-Based Creations,7019,4814,133361.0,40710.2,92650.8,19.0,5.8,69.47368421052632,13.2,1.0,1.0,4424,4.3625678119349,633,3671.4,0.03574115014491137,42.214285714285715,8.2723470987977,0.64,0.62,0.4066666666666667,0.6466666666666667,0.5466666666666666,0.31333333333333335,0.8466666666666667,7019,0.64,4814,0.62,1.0,0.4066666666666667,4.3625678119349,0.6466666666666667,8.2723470987977,0.5466666666666666,69.47368421052632,0.31333333333333335,0.03574115014491137,0.8466666666666667,False,False,False,False,False,False,True,1,0.5688,Moderate Slow-Moving,Bundle with High-Velocity Anchor Item
ITEM-059,Bistro Hanger Steak Shallot Jus,Prime Steaks & Butcher Cuts,6586,4442,184408.0,88911.0,95497.0,28.0,13.5,51.78571428571429,14.5,1.0,1.0,4069,4.571147702138117,578,7803.0,0.04472296607128068,48.26254826254826,8.068118369625907,0.6666666666666667,0.6666666666666667,0.4066666666666667,0.6266666666666667,0.54,0.7866666666666666,0.11333333333333329,6586,0.6666666666666667,4442,0.6666666666666667,1.0,0.4066666666666667,4.571147702138117,0.6266666666666667,8.068118369625907,0.54,51.78571428571429,0.7866666666666666,0.04472296607128068,0.11333333333333329,False,False,False,False,False,True,False,1,0.5608,Moderate Slow-Moving,Bundle with High-Velocity Anchor Item
ITEM-070,Garlic Butter Tiger Prawns Skewer,Chef Specials & Seafood,7669,5175,207063.0,88193.5,118869.5,27.0,11.5,57.407407407407405,15.5,1.0,1.0,4694,5.1342138900724335,804,9246.0,0.03809542915032548,41.53543307086614,9.488964947480232,0.5866666666666667,0.5733333333333333,0.4066666666666667,0.5533333333333333,0.5866666666666667,0.5933333333333333,0.64,7669,0.5866666666666667,5175,0.5733333333333333,1.0,0.4066666666666667,5.1342138900724335,0.5533333333333333,9.488964947480232,0.5866666666666667,57.407407407407405,0.5933333333333333,0.03809542915032548,0.64,False,False,False,False,False,False,False,0,0.5571999999999999,Moderate Slow-Moving,Bundle with High-Velocity Anchor Item
ITEM-011,Spicy Tuna Crispy Rice,Appetizers & Small Plates,7852,5303,141336.0,76949.6,64386.399999999994,18.0,9.8,45.55555555555555,8.2,1.0,1.0,4809,5.7392389270118525,8872,86945.6,0.04443747795760022,53.01694915254237,53.04950968667783,0.5533333333333333,0.54,0.4066666666666667,0.4733333333333334,0.8666666666666667,0.8666666666666667,0.1333333333333333,7852,0.5533333333333333,5303,0.54,1.0,0.4066666666666667,5.7392389270118525,0.4733333333333334,53.04950968667783,0.8666666666666667,45.55555555555555,0.8666666666666667,0.04443747795760022,0.1333333333333333,False,False,False,False,True,True,False,2,0.556,Moderate Slow-Moving,Review Pricing & Portion Sizing
ITEM-015,Bacon Wrapped Stuffed Dates,Appetizers & Small Plates,7147,4797,96484.5,37164.4,59320.100000000006,13.5,5.2,61.48148148148148,8.3,1.0,1.0,4429,4.425378189207496,488,2537.6,0.037061860764113455,37.616511318242345,6.391617550753111,0.6133333333333333,0.6266666666666667,0.4066666666666667,0.64,0.3933333333333333,0.48,0.7666666666666666,7147,0.6133333333333333,4797,0.6266666666666667,1.0,0.4066666666666667,4.425378189207496,0.64,6.391617550753111,0.3933333333333333,61.48148148148148,0.48,0.037061860764113455,0.7666666666666666,False,False,False,False,False,False,True,1,0.5546666666666666,Moderate Slow-Moving,Bundle with High-Velocity Anchor Item
ITEM-102,Mushroom & Walnut Bolognese,Vegan & Plant-Based Creations,6663,4487,123265.5,37312.799999999996,85952.7,18.5,5.6,69.72972972972974,12.9,1.0,1.0,4150,4.072289156626506,716,4009.6,0.03980440990796686,49.922360248447205,9.703211817319419,0.6599999999999999,0.6599999999999999,0.4066666666666667,0.6733333333333333,0.5933333333333334,0.2866666666666666,0.5133333333333333,6663,0.6599999999999999,4487,0.6599999999999999,1.0,0.4066666666666667,4.072289156626506,0.6733333333333333,9.703211817319419,0.5933333333333334,69.72972972972974,0.2866666666666666,0.03980440990796686,0.5133333333333333,False,False,False,False,False,False,False,0,0.5525333333333333,Moderate Slow-Moving,Bundle with High-Velocity Anchor Item
ITEM-080,Roasted Beet & Goat Cheese Bowl,Farm-Fresh Salads & Grain Bowls,6975,4722,104625.0,37665.0,66960.0,15.0,5.4,64.0,9.6,1.0,1.0,4330,4.272517321016166,921,4973.4,0.042138506654635685,45.81818181818182,11.664133738601825,0.6466666666666667,0.6466666666666667,0.4066666666666667,0.6599999999999999,0.66,0.43999999999999995,0.2866666666666666,6975,0.6466666666666667,4722,0.6466666666666667,1.0,0.4066666666666667,4.272517321016166,0.6599999999999999,11.664133738601825,0.66,64.0,0.43999999999999995,0.042138506654635685,0.2866666666666666,False,False,False,False,False,False,False,0,0.5511999999999999,Moderate Slow-Moving,Bundle with High-Velocity Anchor Item
ITEM-040,Truffled Wild Mushroom Gnocchi,Wood-Fired Pizzas & Pastas,8349,5574,183678.0,65122.2,118555.79999999999,22.0,7.8,64.54545454545455,14.2,1.0,1.0,5104,4.8197492163009406,873,6809.4,0.030218434099138373,31.29943502824859,9.466493168510084,0.4933333333333333,0.5,0.4066666666666667,0.5866666666666667,0.58,0.4066666666666666,0.9866666666666667,8349,0.4933333333333333,5574,0.5,1.0,0.4066666666666667,4.8197492163009406,0.5866666666666667,9.466493168510084,0.58,64.54545454545455,0.4066666666666666,0.030218434099138373,0.9866666666666667,False,False,False,False,False,False,True,1,0.5446666666666666,Moderate Slow-Moving,Bundle with High-Velocity Anchor Item
ITEM-092,Truffle Wild Mushroom Risotto,Vegan & Plant-Based Creations,7698,5078,177054.0,55425.6,121628.40000000001,23.0,7.2,68.69565217391303,15.8,1.0,1.0,4664,4.802744425385934,794,5716.8,0.03791376199793971,38.43236409608091,9.349976448422044,0.5800000000000001,0.5933333333333333,0.4066666666666667,0.6,0.5733333333333334,0.33999999999999997,0.6666666666666667,7698,0.5800000000000001,5078,0.5933333333333333,1.0,0.4066666666666667,4.802744425385934,0.6,9.349976448422044,0.5733333333333334,68.69565217391303,0.33999999999999997,0.03791376199793971,0.6666666666666667,False,False,False,False,False,False,False,0,0.5361333333333335,Moderate Slow-Moving,Bundle with High-Velocity Anchor Item
ITEM-034,Prosciutto e Rucola Pizza,Wood-Fired Pizzas & Pastas,7882,5223,165522.0,77243.6,88278.4,21.0,9.8,53.333333333333336,11.2,1.0,1.0,4762,5.270894582108357,7207,70628.6,0.0464082986285473,56.21262458471761,47.763271257207236,0.54,0.5466666666666666,0.4066666666666667,0.5133333333333333,0.8333333333333334,0.7266666666666667,0.07333333333333336,7882,0.54,5223,0.5466666666666666,1.0,0.4066666666666667,5.270894582108357,0.5133333333333333,47.763271257207236,0.8333333333333334,53.333333333333336,0.7266666666666667,0.0464082986285473,0.07333333333333336,False,False,False,False,True,True,False,2,0.5328,Moderate Slow-Moving,Bundle with High-Velocity Anchor Item
ITEM-103,Korean Gochujang Crispy Tofu,Vegan & Plant-Based Creations,7193,4820,104298.5,31649.2,72649.3,14.5,4.4,69.65517241379311,10.1,1.0,1.0,4432,4.6028880866426,566,2490.4,0.03873812826961722,48.937677053824366,7.294754478669932,0.6066666666666667,0.6133333333333333,0.4066666666666667,0.62,0.4666666666666667,0.29333333333333333,0.56,7193,0.6066666666666667,4820,0.6133333333333333,1.0,0.4066666666666667,4.6028880866426,0.62,7.294754478669932,0.4666666666666667,69.65517241379311,0.29333333333333333,0.03873812826961722,0.56,False,False,False,False,False,False,False,0,0.5157333333333334,Moderate Slow-Moving,Bundle with High-Velocity Anchor Item
ITEM-058,BBQ Glazed St. Louis Ribs (Full),Prime Steaks & Butcher Cuts,8732,5853,270692.0,122248.0,148444.0,31.0,14.0,54.83870967741935,17.0,1.0,1.0,5281,6.078394243514486,626,8764.0,0.03355874542315221,42.79859484777517,6.68946356058987,0.4666666666666667,0.4666666666666667,0.4066666666666667,0.41333333333333333,0.42,0.6733333333333333,0.9333333333333333,8732,0.4666666666666667,5853,0.4666666666666667,1.0,0.4066666666666667,6.078394243514486,0.41333333333333333,6.68946356058987,0.42,54.83870967741935,0.6733333333333333,0.03355874542315221,0.9333333333333333,False,False,False,False,False,False,True,1,0.5145333333333334,Moderate Slow-Moving,Bundle with High-Velocity Anchor Item
ITEM-023,Smoked Brisket Panini,Artisanal Burgers & Handhelds,7650,5138,130050.0,62729.99999999999,67320.0,17.0,8.2,51.76470588235295,8.8,1.0,1.0,4704,5.08078231292517,598,4903.6,0.04559989030577266,50.767178118745825,7.250242483026188,0.5933333333333333,0.5866666666666667,0.4066666666666667,0.56,0.46,0.7966666666666666,0.09999999999999998,7650,0.5933333333333333,5138,0.5866666666666667,1.0,0.4066666666666667,5.08078231292517,0.56,7.250242483026188,0.46,51.76470588235295,0.7966666666666666,0.04559989030577266,0.09999999999999998,False,False,False,False,False,True,False,1,0.5141333333333333,Moderate Slow-Moving,Bundle with High-Velocity Anchor Item
ITEM-098,Avocado Supergreen Toast Sourdough,Vegan & Plant-Based Creations,9887,6507,133474.5,67231.59999999999,66242.90000000001,13.5,6.8,49.62962962962963,6.7,1.0,1.0,5858,6.00887674974394,8357,56827.6,0.04029448855988757,48.82383690538422,45.80684060513045,0.36,0.38,0.4066666666666667,0.42666666666666664,0.8133333333333334,0.8266666666666667,0.44666666666666666,9887,0.36,6507,0.38,1.0,0.4066666666666667,6.00887674974394,0.42666666666666664,45.80684060513045,0.8133333333333334,49.62962962962963,0.8266666666666667,0.04029448855988757,0.44666666666666666,False,False,False,False,True,True,False,2,0.5081333333333333,Moderate Slow-Moving,Review Pricing & Portion Sizing
ITEM-086,Sesame Ahi Tuna Poke Bowl,Farm-Fresh Salads & Grain Bowls,9338,6198,182091.0,95247.59999999999,86843.40000000001,19.5,10.2,47.69230769230769,9.3,1.0,1.0,5619,5.90852464851397,8364,85312.8,0.043782304651869865,48.38178826110806,47.24889842955598,0.41333333333333333,0.43999999999999995,0.4066666666666667,0.43999999999999995,0.8266666666666667,0.85,0.16666666666666663,9338,0.41333333333333333,6198,0.43999999999999995,1.0,0.4066666666666667,5.90852464851397,0.43999999999999995,47.24889842955598,0.8266666666666667,47.69230769230769,0.85,0.043782304651869865,0.16666666666666663,False,False,False,False,True,True,False,2,0.5058666666666667,Moderate Slow-Moving,Review Pricing & Portion Sizing
ITEM-079,Strawberry Gorgonzola Pecan Salad,Farm-Fresh Salads & Grain Bowls,8360,5561,117040.0,41800.0,75240.0,14.0,5.0,64.28571428571429,9.0,1.0,1.0,5043,5.155661312710688,1075,5375.0,0.040080971659919036,46.2098241358399,11.393746687864335,0.4866666666666667,0.5133333333333333,0.4066666666666667,0.5466666666666666,0.6533333333333333,0.42666666666666664,0.48,8360,0.4866666666666667,5561,0.5133333333333333,1.0,0.4066666666666667,5.155661312710688,0.5466666666666666,11.393746687864335,0.6533333333333333,64.28571428571429,0.42666666666666664,0.040080971659919036,0.48,False,False,False,False,False,False,False,0,0.5020000000000001,Moderate Slow-Moving,Bundle with High-Velocity Anchor Item
ITEM-009,Truffle Whipped Burrata,Appetizers & Small Plates,9274,6180,162295.0,72337.2,89957.79999999999,17.5,7.8,55.42857142857143,9.7,1.0,1.0,5574,6.027987082884822,1029,8026.2,0.03842911455592068,42.68360022087245,9.987382315830342,0.44666666666666666,0.45333333333333337,0.4066666666666667,0.42000000000000004,0.6133333333333333,0.6466666666666667,0.6,9274,0.44666666666666666,6180,0.45333333333333337,1.0,0.4066666666666667,6.027987082884822,0.42000000000000004,9.987382315830342,0.6133333333333333,55.42857142857143,0.6466666666666667,0.03842911455592068,0.6,False,False,False,False,False,False,False,0,0.5002666666666666,Moderate Slow-Moving,Bundle with High-Velocity Anchor Item
