item_id,item_name,category_name,unit_price,cost_price,rating_count,avg_overall_rating,std_overall_rating,avg_food_rating,avg_service_rating,avg_ambiance_rating,star_1_count,star_2_count,star_3_count,star_4_count,star_5_count,star_1_pct,star_5_pct,csat_pct,net_satisfaction_score
ITEM-097,Jackfruit Smoky Carnitas Tacos,Vegan & Plant-Based Creations,15.5,5.1,629,3.818759936406995,1.295102627779561,3.7774244833068362,3.7042925278219396,3.8457869634340223,66,40,78,203,242,10.492845786963434,38.47376788553259,70.74721780604133,53.89507154213037
ITEM-057,Roasted Veal Chop Chanterelles,Prime Steaks & Butcher Cuts,49.0,22.0,92,3.7934782608695654,1.3549911274861446,3.6847826086956523,3.7282608695652173,3.75,10,8,11,25,38,10.869565217391305,41.30434782608695,68.47826086956522,48.91304347826087
ITEM-090,Warm Roasted Butternut Squash Bowl,Farm-Fresh Salads & Grain Bowls,14.0,4.5,356,3.7724719101123596,1.3093060464048873,3.6713483146067416,3.6769662921348316,3.803370786516854,37,28,48,109,134,10.393258426966293,37.640449438202246,68.25842696629213,50.0
ITEM-072,Whole Grilled Red Snapper Mojo,Chef Specials & Seafood,42.0,17.5,164,3.768292682926829,1.3772808677454969,3.707317073170732,3.652439024390244,3.7621951219512195,20,12,22,42,68,12.195121951219512,41.46341463414634,67.07317073170732,47.5609756097561
ITEM-118,Dark Chocolate Souffle Grand Marnier,Handcrafted Desserts & Pastries,16.5,4.0,129,3.7674418604651163,1.4225396957717953,3.7286821705426356,3.75968992248062,3.744186046511628,18,10,10,37,54,13.953488372093023,41.86046511627907,70.54263565891473,48.837209302325576
ITEM-011,Spicy Tuna Crispy Rice,Appetizers & Small Plates,18.0,9.8,556,3.7553956834532376,1.3720070213289466,3.7032374100719423,3.712230215827338,3.7482014388489207,72,34,73,156,221,12.949640287769784,39.74820143884892,67.80575539568345,48.74100719424461
ITEM-134,Strawberry Basil Smash Lemonade (Mocktail),Signature Cocktails & Mocktails,8.5,1.7,802,3.754364089775561,1.3429474198164812,3.6870324189526182,3.6246882793017456,3.7693266832917707,93,57,116,224,312,11.596009975062344,38.90274314214464,66.83291770573567,48.12967581047381
ITEM-036,Slow-Braised Wild Boar Pappardelle,Wood-Fired Pizzas & Pastas,26.0,9.5,467,3.753747323340471,1.3140712072540954,3.6873661670235545,3.663811563169165,3.7965738758029977,50,35,69,139,174,10.706638115631693,37.25910064239829,67.02355460385438,48.82226980728051
ITEM-103,Korean Gochujang Crispy Tofu,Vegan & Plant-Based Creations,14.5,4.4,544,3.7536764705882355,1.3698897315914689,3.707720588235294,3.604779411764706,3.7536764705882355,70,33,74,151,216,12.867647058823529,39.705882352941174,67.46323529411765,48.529411764705884
ITEM-125,Black Truffle Infused Manhattan,Signature Cocktails & Mocktails,28.0,4.5,108,3.75,1.3950848297659144,3.6944444444444446,3.712962962962963,3.7962962962962963,15,3,22,22,46,13.88888888888889,42.592592592592595,62.96296296296296,46.2962962962963
ITEM-030,Grilled Halloumi Flatbread,Artisanal Burgers & Handhelds,14.0,5.5,395,3.739240506329114,1.3889902224094244,3.6481012658227847,3.6202531645569622,3.7468354430379747,50,31,52,101,161,12.658227848101266,40.75949367088608,66.32911392405063,45.822784810126585
ITEM-073,Pacific Black Cod Miso Glaze,Chef Specials & Seafood,44.0,18.0,179,3.7374301675977653,1.3711702905188898,3.659217877094972,3.64804469273743,3.776536312849162,24,9,26,51,69,13.40782122905028,38.547486033519554,67.0391061452514,48.60335195530726
ITEM-067,Seafood Paella Valenciana,Chef Specials & Seafood,35.0,16.0,487,3.7371663244353184,1.3474234592184082,3.673511293634497,3.6673511293634498,3.7186858316221767,58,35,69,140,185,11.90965092402464,37.98767967145791,66.73511293634496,47.63860369609856
ITEM-021,California Turkey Avocado Club,Artisanal Burgers & Handhelds,16.0,8.9,681,3.73568281938326,1.3625359722660895,3.6754772393538913,3.668135095447871,3.773861967694567,86,44,97,191,263,12.62848751835536,38.61967694566813,66.66666666666666,47.57709251101321
ITEM-101,Thai Coconut Green Curry Tofu,Vegan & Plant-Based Creations,18.0,5.5,647,3.7326120556414217,1.3346663209489815,3.6646058732612055,3.6228748068006182,3.794435857805255,77,44,91,198,237,11.901081916537867,36.6306027820711,67.23338485316846,48.53168469860896
ITEM-062,Crispy Skin Mediterranean Branzino,Chef Specials & Seafood,38.0,16.0,267,3.730337078651685,1.396268213326085,3.644194756554307,3.651685393258427,3.764044943820225,35,18,41,63,110,13.108614232209737,41.19850187265918,64.7940074906367,44.9438202247191
ITEM-098,Avocado Supergreen Toast Sourdough,Vegan & Plant-Based Creations,13.5,6.8,752,3.7273936170212765,1.350206223578789,3.6382978723404253,3.6449468085106385,3.726063829787234,90,58,101,221,282,11.96808510638298,37.5,66.88829787234043,47.20744680851064
ITEM-116,Key Lime Tart Graham Crust,Handcrafted Desserts & Pastries,9.5,2.7,644,3.718944099378882,1.387642014638282,3.687888198757764,3.6614906832298137,3.760869565217391,89,42,75,193,245,13.819875776397517,38.04347826086957,68.01242236024845,47.670807453416145
ITEM-074,Fried Softshell Crab Basket,Chef Specials & Seafood,26.0,12.0,271,3.715867158671587,1.3376620998589046,3.678966789667897,3.642066420664207,3.7195571955719555,32,19,42,79,99,11.808118081180812,36.53136531365313,65.68265682656826,46.86346863468634
ITEM-130,Classic Moscow Mule Copper Mug,Signature Cocktails & Mocktails,13.5,2.5,956,3.7060669456066946,1.4047059321164042,3.664225941422594,3.6422594142259412,3.756276150627615,138,61,113,276,368,14.435146443514643,38.49372384937239,67.36401673640168,46.54811715481171
ITEM-026,Classic BLT Sourdough,Artisanal Burgers & Handhelds,11.99,4.8,824,3.7014563106796117,1.3779015568601223,3.6480582524271843,3.637135922330097,3.7184466019417477,115,48,107,252,302,13.95631067961165,36.650485436893206,67.23300970873787,47.45145631067961
ITEM-053,Smoked Bone-in Kurobuta Pork Chop,Prime Steaks & Butcher Cuts,34.0,13.8,345,3.701449275362319,1.2965173334054174,3.655072463768116,3.617391304347826,3.7420289855072464,39,20,62,108,116,11.304347826086957,33.6231884057971,64.92753623188405,47.82608695652174
ITEM-047,Dry-Aged Tomahawk Ribeye (36oz),Prime Steaks & Butcher Cuts,125.0,38.0,87,3.7011494252873565,1.5182222049024863,3.7011494252873565,3.6091954022988504,3.7701149425287355,17,2,8,23,37,19.54022988505747,42.5287356321839,68.96551724137932,47.12643678160919
ITEM-066,Seared Diver Scallops Sweet Corn,Chef Specials & Seafood,36.0,16.8,342,3.698830409356725,1.4058732398273275,3.6169590643274856,3.608187134502924,3.7222222222222223,50,21,41,100,130,14.619883040935672,38.01169590643275,67.2514619883041,46.49122807017544
ITEM-113,Vintage Champagne Berry Float,Handcrafted Desserts & Pastries,24.0,5.5,109,3.697247706422018,1.280224135150382,3.596330275229358,3.6788990825688073,3.688073394495413,11,8,20,34,36,10.091743119266056,33.02752293577982,64.22018348623854,46.788990825688074
ITEM-025,Philly Ribeye Cheesesteak,Artisanal Burgers & Handhelds,18.0,9.2,716,3.689944134078212,1.382795181636512,3.6522346368715084,3.594972067039106,3.7374301675977653,99,44,103,204,266,13.8268156424581,37.150837988826815,65.64245810055866,45.67039106145251
ITEM-079,Strawberry Gorgonzola Pecan Salad,Farm-Fresh Salads & Grain Bowls,14.0,5.0,606,3.6881188118811883,1.3679051097083412,3.6204620462046204,3.6204620462046204,3.726072607260726,76,54,72,185,219,12.541254125412541,36.13861386138614,66.66666666666666,45.21452145214521
ITEM-089,Southwest Chipotle Chicken Bowl,Farm-Fresh Salads & Grain Bowls,15.5,5.8,872,3.688073394495413,1.385986931457431,3.625,3.5986238532110093,3.6938073394495414,116,71,106,255,324,13.302752293577983,37.15596330275229,66.39908256880734,44.95412844036697
ITEM-069,Grilled Yellowfin Ahi Tuna Steak,Chef Specials & Seafood,33.0,14.8,349,3.687679083094556,1.3422371744027137,3.5931232091690544,3.5873925501432664,3.7851002865329515,48,18,43,126,114,13.753581661891118,32.664756446991404,68.76790830945558,49.8567335243553
ITEM-034,Prosciutto e Rucola Pizza,Wood-Fired Pizzas & Pastas,21.0,9.8,572,3.6853146853146854,1.3504598965994385,3.6346153846153846,3.5839160839160837,3.699300699300699,72,42,81,176,201,12.587412587412588,35.13986013986014,65.9090909090909,45.97902097902098
ITEM-028,Cubano Roast Pork Sandwich,Artisanal Burgers & Handhelds,15.5,7.2,460,3.6826086956521737,1.4031251064720625,3.6630434782608696,3.582608695652174,3.7630434782608697,70,25,53,145,167,15.217391304347828,36.30434782608696,67.82608695652173,47.17391304347826
ITEM-133,Rare Japanese Whisky Flight (3-pour),Signature Cocktails & Mocktails,55.0,14.0,78,3.6794871794871793,1.4726386755292924,3.6025641025641026,3.5641025641025643,3.782051282051282,14,3,7,24,30,17.94871794871795,38.46153846153847,69.23076923076923,47.43589743589743
ITEM-121,DineIQ House Draft Lager (Pint),Signature Cocktails & Mocktails,6.5,4.8,1485,3.6794612794612793,1.3778727816119267,3.637037037037037,3.581144781144781,3.7393939393939393,203,104,193,451,534,13.670033670033671,35.95959595959596,66.32996632996633,45.656565656565654
ITEM-016,DineIQ Smash Double Cheeseburger,Artisanal Burgers & Handhelds,13.99,10.8,1454,3.6788170563961486,1.3948601859294436,3.6327372764786796,3.5832187070151305,3.7262723521320495,209,89,201,416,539,14.37414030261348,37.07015130674003,65.6808803301238,45.18569463548831
ITEM-035,Black Truffle Tagliolini Caviar,Wood-Fired Pizzas & Pastas,42.0,11.5,135,3.674074074074074,1.3317569454056783,3.651851851851852,3.6222222222222222,3.688888888888889,17,9,19,46,44,12.592592592592592,32.592592592592595,66.66666666666666,47.40740740740741
ITEM-007,Crispy Calamari Fritti,Appetizers & Small Plates,15.99,7.5,715,3.6713286713286712,1.383051794320604,3.604195804195804,3.627972027972028,3.716083916083916,101,48,89,224,253,14.125874125874127,35.38461538461539,66.7132867132867,45.87412587412587
ITEM-124,Elderflower French 75 Champagne,Signature Cocktails & Mocktails,17.0,3.6,641,3.6645865834633384,1.4191140036594019,3.62402496099844,3.56786271450858,3.720748829953198,98,41,77,187,238,15.288611544461778,37.129485179407176,66.30265210608425,44.61778471138845
ITEM-085,Blackened Salmon Cobb Salad,Farm-Fresh Salads & Grain Bowls,21.0,9.8,651,3.662058371735791,1.4194543056464577,3.6144393241167436,3.58678955453149,3.705069124423963,95,47,91,168,250,14.592933947772657,38.40245775729647,64.20890937019969,42.3963133640553
ITEM-077,Mediterranean Quinoa Crunch Bowl,Farm-Fresh Salads & Grain Bowls,14.5,5.2,782,3.659846547314578,1.3939319665085481,3.5946291560102304,3.5869565217391304,3.70460358056266,109,55,118,211,289,13.938618925831204,36.95652173913043,63.9386189258312,42.96675191815857
ITEM-056,Pan-Roasted Duck Breast Plum Glaze,Prime Steaks & Butcher Cuts,35.0,14.0,290,3.6586206896551725,1.3633911621989319,3.6482758620689655,3.603448275862069,3.806896551724138,38,22,41,89,100,13.10344827586207,34.48275862068966,65.17241379310344,44.48275862068966
ITEM-001,Crispy Parmesan Truffle Fries,Appetizers & Small Plates,8.99,6.75,1348,3.658011869436202,1.4024433741955011,3.5741839762611276,3.56973293768546,3.714391691394659,197,91,179,390,491,14.614243323442135,36.42433234421365,65.3560830860534,43.99109792284867
ITEM-039,Handcrafted Lobster Ravioli,Wood-Fired Pizzas & Pastas,29.5,11.2,333,3.6576576576576576,1.3386886374325,3.6096096096096097,3.5585585585585586,3.6726726726726726,38,32,50,99,114,11.411411411411411,34.234234234234236,63.96396396396396,42.94294294294294
ITEM-071,Steamed Blue Mussels White Wine,Chef Specials & Seafood,22.0,9.5,453,3.65121412803532,1.4258143397656557,3.6004415011037527,3.5717439293598234,3.7417218543046356,69,34,50,133,167,15.2317880794702,36.86534216335541,66.22516556291392,43.4878587196468
ITEM-128,Hibiscus Berry Botanical Fizz (Mocktail),Signature Cocktails & Mocktails,8.99,1.8,811,3.6498150431565968,1.4056971699658394,3.590628853267571,3.599260172626387,3.6757090012330456,117,61,107,230,296,14.426633785450061,36.49815043156597,64.85819975339088,42.909987669543774
ITEM-147,Belgian Hot Chocolate Marshmallows,Specialty Coffee & Beverages,5.5,1.1,691,3.6497829232995658,1.4004385790455,3.5962373371924747,3.5890014471780027,3.723589001447178,100,45,105,188,253,14.47178002894356,36.61360347322721,63.8205499276411,42.83646888567294
ITEM-043,Burrata Caprese Pizza,Wood-Fired Pizzas & Pastas,20.5,8.5,572,3.6486013986013988,1.3793376929931003,3.604895104895105,3.576923076923077,3.6625874125874125,79,41,82,170,200,13.81118881118881,34.96503496503497,64.6853146853147,43.70629370629371
ITEM-108,New York Style Cheesecake,Handcrafted Desserts & Pastries,9.99,6.9,1122,3.6470588235294117,1.4060641235244806,3.5784313725490198,3.5775401069518717,3.6737967914438503,165,77,155,317,408,14.705882352941178,36.36363636363637,64.61675579322637,43.04812834224599
ITEM-104,Golden Turmeric Lentil Soup Bowl,Vegan & Plant-Based Creations,9.99,2.8,761,3.6465177398160313,1.4252946472897383,3.5992115637319317,3.5781865965834427,3.724047306176084,121,46,90,228,276,15.900131406044679,36.26806833114323,66.22864651773982,44.2838370565046
ITEM-051,A5 Miyazaki Japanese Wagyu (4oz),Prime Steaks & Butcher Cuts,95.0,32.0,62,3.6451612903225805,1.4832040439042922,3.5161290322580645,3.6129032258064515,3.661290322580645,10,4,10,12,26,16.129032258064516,41.935483870967744,61.29032258064516,38.70967741935484
ITEM-048,Dry-Aged Bone-in NY Strip (16oz),Prime Steaks & Butcher Cuts,56.0,26.0,398,3.64321608040201,1.4295695952806369,3.5452261306532664,3.6055276381909547,3.690954773869347,63,24,52,112,147,15.829145728643216,36.93467336683417,65.07537688442211,43.21608040201005
ITEM-059,Bistro Hanger Steak Shallot Jus,Prime Steaks & Butcher Cuts,28.0,13.5,512,3.642578125,1.4097728487519814,3.62890625,3.56640625,3.73046875,74,40,68,143,187,14.453125,36.5234375,64.453125,42.1875
ITEM-127,Zero-Proof Cucumber Mint Cooler,Signature Cocktails & Mocktails,8.5,1.6,807,3.640644361833953,1.4176251700446867,3.5898389095415117,3.5588599752168526,3.680297397769517,118,64,107,219,299,14.622057001239158,37.05080545229244,64.18835192069393,41.63568773234201
ITEM-141,Ceremonial Iced Matcha Latte,Specialty Coffee & Beverages,6.5,1.4,877,3.6396807297605474,1.4037373104548225,3.572405929304447,3.5290763968072976,3.7046750285062715,126,61,139,228,323,14.367160775370582,36.830102622576966,62.82782212086659,41.50513112884835
ITEM-049,Colorado Rosemary Lamb Chops,Prime Steaks & Butcher Cuts,44.0,19.5,309,3.6375404530744335,1.4112310766728906,3.6116504854368934,3.5210355987055015,3.686084142394822,47,20,41,91,110,15.210355987055015,35.59870550161812,65.0485436893204,43.36569579288026
ITEM-015,Bacon Wrapped Stuffed Dates,Appetizers & Small Plates,13.5,5.2,549,3.6375227686703098,1.41606207785217,3.604735883424408,3.5245901639344264,3.6684881602914388,81,43,70,155,200,14.754098360655737,36.42987249544626,64.66302367941712,42.07650273224044
ITEM-063,Wild King Salmon Lemon Herb,Chef Specials & Seafood,34.0,16.2,725,3.637241379310345,1.4081425026174206,3.5517241379310347,3.5627586206896553,3.6924137931034484,106,51,108,195,265,14.620689655172415,36.55172413793103,63.44827586206897,41.793103448275865
ITEM-009,Truffle Whipped Burrata,Appetizers & Small Plates,17.5,7.8,765,3.635294117647059,1.4129390198634855,3.5843137254901962,3.5647058823529414,3.69281045751634,111,63,98,215,278,14.50980392156863,36.33986928104575,64.44444444444444,41.69934640522876
ITEM-123,Spicy Passionfruit Mezcalita,Signature Cocktails & Mocktails,15.5,3.1,827,3.633615477629988,1.427838699984769,3.5743651753325274,3.535671100362757,3.7110036275695286,123,71,98,229,306,14.873035066505441,37.001209189842804,64.69165659008465,41.23337363966142
ITEM-094,Creamy Cashew Alfredo Tagliatelle,Vegan & Plant-Based Creations,19.0,5.8,549,3.6320582877959926,1.4036421433789052,3.557377049180328,3.5591985428051003,3.697632058287796,78,42,84,145,200,14.207650273224044,36.42987249544626,62.841530054644814,40.98360655737705
ITEM-017,Crispy Buttermilk Chicken Sandwich,Artisanal Burgers & Handhelds,14.5,11.0,1293,3.6318638824439287,1.3929186254936592,3.583139984532096,3.554524361948956,3.7115235885537508,180,110,169,381,453,13.921113689095128,35.03480278422274,64.50116009280742,42.072699149265276
ITEM-003,Golden Mozzarella Sticks,Appetizers & Small Plates,9.5,7.1,1116,3.631720430107527,1.4404897948700777,3.560931899641577,3.53494623655914,3.681899641577061,178,75,145,300,418,15.949820788530467,37.45519713261648,64.33691756272401,41.66666666666667
ITEM-012,Heirloom Tomato Bruschetta,Appetizers & Small Plates,11.5,15.0,839,3.631704410011919,1.4147183459760277,3.5649582836710367,3.494636471990465,3.6948748510131106,129,58,102,254,296,15.37544696066746,35.280095351609056,65.55423122765197,43.2657926102503
ITEM-076,DineIQ Signature Caesar Salad,Farm-Fresh Salads & Grain Bowls,12.99,8.8,1246,3.631621187800963,1.4187256358718667,3.604333868378812,3.547351524879615,3.700642054574639,190,86,169,349,452,15.248796147672552,36.27608346709471,64.28571428571429,42.13483146067416
ITEM-006,Soft-Shell Crab Sliders,Appetizers & Small Plates,19.5,10.2,244,3.6311475409836067,1.3620416753782456,3.622950819672131,3.5327868852459017,3.6844262295081966,33,15,44,69,83,13.524590163934427,34.01639344262295,62.295081967213115,42.62295081967213
ITEM-122,Signature Smoked Old Fashioned,Signature Cocktails & Mocktails,16.0,3.2,951,3.630914826498423,1.4027983702138667,3.5678233438485805,3.5499474237644586,3.7276550998948474,138,75,122,281,335,14.511041009463725,35.2260778128286,64.7739221871714,42.37644584647739
ITEM-137,Nitro Cold Brew Sweet Cream,Specialty Coffee & Beverages,5.99,1.1,1267,3.6306235201262824,1.4333898572801043,3.5516969218626677,3.5311760063141278,3.718232044198895,204,76,169,353,465,16.101026045777427,36.7008681925809,64.56195737963694,42.462509865824785
ITEM-068,Classic Fish & Chips Tartar,Chef Specials & Seafood,19.99,14.5,1166,3.630360205831904,1.4358037478462133,3.5497427101200687,3.5711835334476842,3.6792452830188678,187,82,128,347,422,16.037735849056602,36.19210977701543,65.95197255574614,42.881646655231556
ITEM-126,Espresso Martini Vanilla Foam,Signature Cocktails & Mocktails,15.0,2.9,1043,3.6299137104506234,1.46000640634159,3.5656759348034517,3.523489932885906,3.725790987535954,174,71,118,284,396,16.682646212847555,37.96740172579099,65.19654841802492,41.70661553211889
ITEM-022,Black Angus Bacon Cheddar,Artisanal Burgers & Handhelds,17.5,8.0,980,3.629591836734694,1.4172949809615967,3.570408163265306,3.5051020408163267,3.701020408163265,154,54,146,273,353,15.714285714285714,36.0204081632653,63.87755102040816,42.6530612244898
ITEM-014,Spanakopita Herb Triangles,Appetizers & Small Plates,11.0,4.5,423,3.6217494089834514,1.4664331952742535,3.562647754137116,3.5011820330969265,3.6973995271867612,73,21,63,102,164,17.257683215130022,38.77068557919622,62.88416075650118,40.66193853427896
ITEM-052,Steak Frites Garlic Herb Butter,Prime Steaks & Butcher Cuts,29.99,18.5,1104,3.618659420289855,1.4226683190093852,3.5706521739130435,3.532608695652174,3.716485507246377,171,81,138,322,392,15.489130434782608,35.507246376811594,64.67391304347827,41.84782608695652
ITEM-096,Roasted Eggplant Harissa Shakshuka,Vegan & Plant-Based Creations,15.0,4.5,444,3.6171171171171173,1.4511689923960946,3.5945945945945947,3.5472972972972974,3.6644144144144146,74,30,50,128,162,16.666666666666664,36.486486486486484,65.31531531531532,41.891891891891895
ITEM-138,Double Espresso Single Origin,Specialty Coffee & Beverages,3.5,0.5,1272,3.6147798742138364,1.415671014193841,3.558176100628931,3.5400943396226414,3.625,197,86,173,370,446,15.487421383647797,35.062893081761004,64.15094339622641,41.90251572327044
ITEM-110,Fresh Wild Berry Pavlova,Handcrafted Desserts & Pastries,13.5,5.8,355,3.6140845070422536,1.416338856188819,3.543661971830986,3.5323943661971833,3.667605633802817,55,23,51,101,125,15.492957746478872,35.2112676056338,63.66197183098592,41.690140845070424
ITEM-120,Affogato al Caffe Espresso Scoop,Handcrafted Desserts & Pastries,6.99,1.5,857,3.6137689614935824,1.4497653396383825,3.570595099183197,3.546091015169195,3.6662777129521587,144,51,112,235,315,16.802800466744458,36.756126021003496,64.17736289381564,41.423570595099186
ITEM-100,Crispy Falafel Mezze Platter,Vegan & Plant-Based Creations,16.0,5.0,748,3.6136363636363638,1.4034480912979106,3.5588235294117645,3.5454545454545454,3.695187165775401,106,70,90,223,259,14.171122994652407,34.62566844919786,64.43850267379679,40.909090909090914
ITEM-146,Acai Berry Superfood Smoothie,Specialty Coffee & Beverages,7.99,3.4,638,3.6128526645768027,1.398235380470724,3.5673981191222572,3.56269592476489,3.7021943573667713,101,34,86,207,210,15.830721003134796,32.9153605015674,65.36050156739812,44.20062695924764
ITEM-136,DineIQ House Drip Roast Coffee,Specialty Coffee & Beverages,3.99,0.6,1736,3.6100230414746544,1.4127834645211577,3.5622119815668203,3.53110599078341,3.6607142857142856,267,124,228,517,600,15.380184331797233,34.56221198156682,64.34331797235023,41.82027649769585
ITEM-080,Roasted Beet & Goat Cheese Bowl,Farm-Fresh Salads & Grain Bowls,15.0,5.4,559,3.6100178890876564,1.4436760499896837,3.584973166368515,3.516994633273703,3.663685152057245,91,38,73,153,204,16.27906976744186,36.493738819320214,63.864042933810374,40.7871198568873
ITEM-081,Thai Crunch Peanut Chicken Salad,Farm-Fresh Salads & Grain Bowls,16.0,6.2,765,3.6091503267973857,1.4021934703953634,3.593464052287582,3.504575163398693,3.6666666666666665,107,71,104,215,268,13.986928104575163,35.03267973856209,63.13725490196078,39.869281045751634
ITEM-145,Sparkling San Pellegrino (750ml),Specialty Coffee & Beverages,6.0,1.5,681,3.606461086637298,1.4625378683980221,3.515418502202643,3.5212922173274595,3.684287812041116,113,56,68,193,251,16.593245227606463,36.8575624082232,65.19823788546255,40.38179148311307
ITEM-029,Truffle Lobster Roll,Artisanal Burgers & Handhelds,34.0,14.5,160,3.60625,1.4101914540610854,3.58125,3.4625,3.70625,26,9,19,54,52,16.25,32.5,66.25,44.375
ITEM-024,Portobello Mushroom Swiss Burger,Artisanal Burgers & Handhelds,15.0,5.8,494,3.6052631578947367,1.4621848082120372,3.516194331983806,3.522267206477733,3.6862348178137654,81,38,63,125,187,16.39676113360324,37.85425101214575,63.1578947368421,39.068825910931174
ITEM-005,Wild Alaskan Salmon Tartare,Appetizers & Small Plates,21.0,11.5,281,3.604982206405694,1.440675715606881,3.5551601423487544,3.505338078291815,3.718861209964413,46,21,29,87,98,16.370106761565836,34.87544483985765,65.83629893238434,41.99288256227758
ITEM-084,Kale Tahini Caesar Roasted Chickpeas,Farm-Fresh Salads & Grain Bowls,13.99,4.9,632,3.6044303797468356,1.3945260854746564,3.5585443037974684,3.5316455696202533,3.6693037974683542,93,52,74,206,207,14.715189873417723,32.75316455696203,65.34810126582279,42.405063291139236
ITEM-082,Wild Rice & Avocado Harvest Bowl,Farm-Fresh Salads & Grain Bowls,15.5,7.5,556,3.6043165467625897,1.4550004738476483,3.526978417266187,3.526978417266187,3.6888489208633093,91,45,60,157,203,16.366906474820144,36.510791366906474,64.74820143884892,40.28776978417266
ITEM-142,Spiced Masala Chai Latte,Specialty Coffee & Beverages,5.25,0.9,745,3.6013422818791945,1.3827852219528658,3.538255033557047,3.54496644295302,3.65503355704698,101,69,106,219,250,13.557046979865772,33.557046979865774,62.95302013422819,40.13422818791946
ITEM-037,Spaghetti All'Amatriciana,Wood-Fired Pizzas & Pastas,17.5,5.5,978,3.6012269938650308,1.4252003495809324,3.553169734151329,3.5276073619631902,3.6482617586912065,154,77,110,301,336,15.746421267893659,34.355828220858896,65.13292433537833,41.513292433537835
ITEM-099,Lentil Shepherd's Pie Sweet Potato,Vegan & Plant-Based Creations,17.5,5.2,378,3.6005291005291005,1.4148510284966105,3.544973544973545,3.5423280423280423,3.64021164021164,60,25,48,118,127,15.873015873015872,33.5978835978836,64.81481481481481,42.32804232804233
ITEM-107,Classic Madagascar Vanilla Bean Gelato,Handcrafted Desserts & Pastries,7.5,1.8,1105,3.6,1.4311493303625233,3.5493212669683256,3.5375565610859727,3.646153846153846,181,71,141,328,384,16.380090497737555,34.751131221719454,64.43438914027149,41.6289592760181
ITEM-106,Molten Chocolate Lava Cake,Handcrafted Desserts & Pastries,10.99,7.8,1380,3.6,1.4549557730968574,3.5231884057971015,3.528985507246377,3.6471014492753624,233,91,175,377,504,16.884057971014492,36.52173913043478,63.84057971014493,40.36231884057971
ITEM-088,Simple Garden House Salad,Farm-Fresh Salads & Grain Bowls,8.99,3.2,987,3.5987841945288754,1.408867361545231,3.5288753799392096,3.5005065856129685,3.6990881458966567,150,69,149,278,341,15.19756838905775,34.549138804457954,62.71529888551165,40.52684903748733
ITEM-109,Warm Apple Cinnamon Crisp,Handcrafted Desserts & Pastries,9.5,2.8,741,3.593792172739541,1.4420009764937476,3.562753036437247,3.503373819163293,3.6639676113360324,123,51,90,217,260,16.599190283400812,35.08771929824561,64.37246963562752,40.89068825910931
ITEM-095,Spicy Tofu Peanut Noodle Bowl,Vegan & Plant-Based Creations,16.5,4.9,639,3.593114241001565,1.4428559837176589,3.566510172143975,3.535211267605634,3.674491392801252,102,51,82,174,230,15.96244131455399,35.99374021909233,63.22378716744914,39.280125195618155
ITEM-023,Smoked Brisket Panini,Artisanal Burgers & Handhelds,17.0,8.2,647,3.590417310664606,1.4372642287878479,3.536321483771252,3.500772797527048,3.6661514683153014,102,51,89,173,232,15.765069551777433,35.85780525502319,62.59659969088099,38.94899536321484
ITEM-114,Warm Churros with Spiced Dulce,Handcrafted Desserts & Pastries,9.0,2.4,905,3.5900552486187847,1.4122216607417215,3.5337016574585633,3.4939226519337017,3.6353591160220993,141,63,128,267,306,15.58011049723757,33.812154696132595,63.31491712707182,40.773480662983424
ITEM-086,Sesame Ahi Tuna Poke Bowl,Farm-Fresh Salads & Grain Bowls,19.5,10.2,696,3.589080459770115,1.4614849113264559,3.5272988505747125,3.521551724137931,3.6910919540229883,120,48,80,198,250,17.24137931034483,35.91954022988506,64.36781609195403,40.229885057471265
ITEM-087,Green Goddess Farro Bowl,Farm-Fresh Salads & Grain Bowls,14.5,4.8,518,3.586872586872587,1.4234773218643684,3.5752895752895753,3.444015444015444,3.6563706563706564,79,38,87,128,186,15.250965250965251,35.907335907335906,60.61776061776062,38.030888030888036
ITEM-140,Caramel Macchiato Sea Salt,Specialty Coffee & Beverages,5.99,1.25,1309,3.586707410236822,1.4317844314733874,3.523300229182582,3.4973262032085564,3.6279602750190985,214,88,175,380,452,16.348357524828113,34.53017570664629,63.559969442322384,40.48892284186402
ITEM-040,Truffled Wild Mushroom Gnocchi,Wood-Fired Pizzas & Pastas,22.0,7.8,642,3.5856697819314642,1.373806764618424,3.529595015576324,3.532710280373832,3.6230529595015577,88,57,94,197,206,13.707165109034266,32.087227414330215,62.77258566978193,40.18691588785047
ITEM-117,Artisanal Macaron Assortment (6pcs),Handcrafted Desserts & Pastries,15.0,4.2,544,3.5845588235294117,1.425956623180636,3.5551470588235294,3.5588235294117645,3.6801470588235294,87,36,82,150,189,15.992647058823529,34.74264705882353,62.31617647058824,39.705882352941174
ITEM-055,Steakhouse Flat Iron Chimichurri,Prime Steaks & Butcher Cuts,26.5,13.2,794,3.584382871536524,1.4498103313821469,3.527707808564232,3.494962216624685,3.6612090680100757,131,55,116,203,289,16.49874055415617,36.39798488664987,61.96473551637279,38.539042821158695
ITEM-020,Spicy Nashville Hot Chicken Bun,Artisanal Burgers & Handhelds,15.5,7.5,977,3.5834186284544525,1.4722332281450055,3.5445240532241558,3.498464687819857,3.6458546571136132,169,68,128,248,364,17.2978505629478,37.25690890481064,62.64073694984646,38.3828045035824
ITEM-064,Butter Poached Maine Lobster Tail,Chef Specials & Seafood,52.0,23.5,163,3.5828220858895707,1.4690887026654744,3.5153374233128836,3.558282208588957,3.6625766871165646,29,11,16,50,57,17.791411042944784,34.96932515337423,65.6441717791411,41.104294478527606
ITEM-042,Spicy Diavola Pizza,Wood-Fired Pizzas & Pastas,19.0,6.9,904,3.579646017699115,1.4174460705543117,3.518805309734513,3.5110619469026547,3.6150442477876106,139,71,130,255,309,15.376106194690264,34.18141592920354,62.38938053097345,39.15929203539823
ITEM-019,BBQ Pulled Pork Brioche,Artisanal Burgers & Handhelds,15.0,7.2,851,3.5781433607520565,1.4574568771786278,3.5710928319623974,3.472385428907168,3.6392479435957696,145,63,99,243,301,17.038777908343125,35.370152761457106,63.924794359576964,39.48296122209165
ITEM-144,Fresh Squeezed Orange Juice,Specialty Coffee & Beverages,5.5,2.6,993,3.5770392749244713,1.4355637364462346,3.5468277945619335,3.51460221550856,3.6596173212487413,162,70,139,277,345,16.314199395770395,34.74320241691843,62.63846928499497,39.274924471299094
ITEM-061,Pan-Seared Chilean Sea Bass,Chef Specials & Seafood,46.0,18.5,236,3.5762711864406778,1.4404891584134438,3.4915254237288136,3.48728813559322,3.6313559322033897,39,18,27,72,80,16.52542372881356,33.89830508474576,64.40677966101694,40.25423728813559
ITEM-044,Lasagna Bolognese Al Forno,Wood-Fired Pizzas & Pastas,21.0,7.9,746,3.5750670241286864,1.4238129385886122,3.5361930294906165,3.5241286863270775,3.6246648793565686,121,50,105,219,251,16.219839142091153,33.64611260053619,63.00268096514745,40.08042895442359
ITEM-033,Quattro Formaggi Bianca,Wood-Fired Pizzas & Pastas,18.0,7.5,920,3.575,1.444973652857987,3.55,3.5119565217391306,3.6032608695652173,147,79,119,248,327,15.978260869565217,35.54347826086956,62.5,37.93478260869565
ITEM-132,Aperol Spritz Prosecco Orange,Signature Cocktails & Mocktails,13.99,2.6,1058,3.5699432892249527,1.4793834522740228,3.522684310018904,3.491493383742911,3.6739130434782608,193,65,129,288,383,18.24196597353497,36.20037807183365,63.421550094517954,39.0359168241966
ITEM-010,Smoked Duck Croquettes,Appetizers & Small Plates,16.0,7.0,462,3.569264069264069,1.4737644553362221,3.5303030303030303,3.448051948051948,3.6666666666666665,83,27,64,120,168,17.965367965367964,36.36363636363637,62.33766233766234,38.52813852813853
ITEM-045,Linguine alle Vongole (Clams),Wood-Fired Pizzas & Pastas,25.0,12.0,271,3.5682656826568264,1.4226827616381679,3.5535055350553506,3.5202952029520294,3.5867158671586714,42,19,48,67,95,15.498154981549817,35.05535055350554,59.77859778597786,37.269372693726936
ITEM-148,Cold Pressed Green Detox Juice,Specialty Coffee & Beverages,8.5,4.1,431,3.566125290023202,1.454636076308594,3.5591647331786542,3.5382830626450117,3.6937354988399074,78,24,49,136,144,18.097447795823665,33.4106728538283,64.96519721577727,41.29930394431555
ITEM-083,Classic Greek Village Salad,Farm-Fresh Salads & Grain Bowls,13.5,4.8,792,3.5643939393939394,1.4550647884797823,3.515151515151515,3.4684343434343434,3.6186868686868685,129,74,89,221,279,16.28787878787879,35.22727272727273,63.13131313131313,37.5
ITEM-058,BBQ Glazed St. Louis Ribs (Full),Prime Steaks & Butcher Cuts,31.0,14.0,720,3.5625,1.4352930237333932,3.4972222222222222,3.5180555555555557,3.6375,118,55,94,210,243,16.38888888888889,33.75,62.916666666666664,38.88888888888889
ITEM-150,Artisanal Kombucha Peach Ginger,Specialty Coffee & Beverages,6.25,1.8,614,3.5618892508143323,1.4934048643474196,3.50814332247557,3.462540716612378,3.6612377850162865,111,49,64,164,226,18.078175895765472,36.807817589576544,63.51791530944625,37.45928338762215
ITEM-027,Chipotle Fish Tacos (3pcs),Artisanal Burgers & Handhelds,16.5,8.7,527,3.5616698292220113,1.4590387810282046,3.569259962049336,3.4819734345351043,3.652751423149905,90,41,63,149,184,17.077798861480076,34.9146110056926,63.18785578747628,38.33017077798861
ITEM-119,Matcha Green Tea Crepe Cake,Handcrafted Desserts & Pastries,11.5,3.2,395,3.559493670886076,1.4420725872996338,3.463291139240506,3.518987341772152,3.6531645569620252,65,28,61,103,138,16.455696202531644,34.93670886075949,61.01265822784811,37.46835443037975
ITEM-032,Double Pepperoni Hot Honey Pizza,Wood-Fired Pizzas & Pastas,18.5,13.8,1401,3.558886509635974,1.4680871575321193,3.518201284796574,3.481798715203426,3.62384011420414,246,106,160,397,492,17.558886509635975,35.11777301927195,63.45467523197716,38.32976445396146
ITEM-092,Truffle Wild Mushroom Risotto,Vegan & Plant-Based Creations,23.0,7.2,615,3.5577235772357723,1.4605010145043684,3.546341463414634,3.486178861788618,3.640650406504065,113,32,77,185,208,18.3739837398374,33.82113821138211,63.90243902439025,40.32520325203252
ITEM-004,Garlic Herb Breadsticks,Appetizers & Small Plates,6.99,4.8,1121,3.5557537912578057,1.464693223622999,3.5049063336306867,3.496877787689563,3.6351471900089205,205,62,145,323,386,18.28724353256021,34.43354148082069,63.2471008028546,39.42908117752007
ITEM-149,Rare Blue Mountain Jamaican Pour-Over,Specialty Coffee & Beverages,12.0,2.5,117,3.5555555555555554,1.4588874152659812,3.4786324786324787,3.4871794871794872,3.58974358974359,19,10,17,29,42,16.23931623931624,35.8974358974359,60.68376068376068,35.8974358974359
ITEM-050,Slow-Braised Beef Short Ribs,Prime Steaks & Butcher Cuts,36.0,14.5,623,3.5553772070626004,1.4948139106867262,3.5425361155698236,3.481540930979133,3.664526484751204,117,41,70,169,226,18.780096308186195,36.27608346709471,63.40288924558587,38.04173354735153
ITEM-111,Traditional Italian Tiramisu,Handcrafted Desserts & Pastries,10.5,3.2,958,3.5542797494780793,1.4702474052451995,3.522964509394572,3.4759916492693113,3.6325678496868474,171,61,134,250,342,17.849686847599163,35.699373695198325,61.79540709812108,37.578288100208766
ITEM-112,Salted Caramel Creme Brulee,Handcrafted Desserts & Pastries,11.0,3.1,880,3.5534090909090907,1.4450455833740175,3.4954545454545456,3.452272727272727,3.6363636363636362,143,72,128,229,308,16.25,35.0,61.02272727272727,36.59090909090909
ITEM-102,Mushroom & Walnut Bolognese,Vegan & Plant-Based Creations,18.5,5.6,505,3.5524752475247525,1.4684914283981898,3.514851485148515,3.4732673267326732,3.6435643564356437,88,37,68,132,180,17.425742574257423,35.64356435643564,61.78217821782178,37.02970297029703
ITEM-131,Yuzu Lavender Gin Tonic,Signature Cocktails & Mocktails,14.0,2.7,695,3.5510791366906473,1.4303909557304835,3.5194244604316545,3.499280575539568,3.6201438848920864,121,41,87,226,220,17.41007194244604,31.654676258992804,64.1726618705036,40.86330935251799
ITEM-041,Calabrian Sausage Rigatoni,Wood-Fired Pizzas & Pastas,20.0,6.8,797,3.550815558343789,1.4891534009687961,3.493099121706399,3.4604767879548306,3.668757841907152,146,55,101,204,291,18.318695106649937,36.51191969887076,62.107904642409025,36.888331242158095
ITEM-139,Vanilla Bean Oat Milk Latte,Specialty Coffee & Beverages,5.75,1.2,1324,3.550604229607251,1.4645236654296196,3.495468277945619,3.484894259818731,3.644259818731118,236,89,167,374,458,17.82477341389728,34.59214501510574,62.839879154078545,38.29305135951662
ITEM-115,Pecan Pie Bourbon Whipped Cream,Handcrafted Desserts & Pastries,10.0,3.0,461,3.540130151843818,1.4510173284187537,3.5162689804772236,3.475054229934924,3.644251626898048,81,32,57,139,152,17.570498915401302,32.97180043383948,63.1236442516269,38.611713665943604
ITEM-093,Crispy Cauliflower Buffalo Bites,Vegan & Plant-Based Creations,12.0,4.2,705,3.5347517730496456,1.4777702133121624,3.4695035460992907,3.466666666666667,3.6099290780141846,128,46,103,177,251,18.156028368794328,35.60283687943262,60.709219858156025,36.02836879432624
ITEM-054,Coffee-Crusted Prime Ribeye (14oz),Prime Steaks & Butcher Cuts,52.0,23.0,432,3.5347222222222223,1.4637769905668403,3.4768518518518516,3.4560185185185186,3.5787037037037037,77,32,51,127,145,17.824074074074073,33.56481481481482,62.96296296296296,37.73148148148148
ITEM-038,Creamy Fettuccine Alfredo,Wood-Fired Pizzas & Pastas,16.99,5.2,1153,3.523850823937554,1.4730195338730672,3.4596704249783174,3.4492627927146575,3.6131830008673025,207,87,152,309,398,17.95316565481353,34.518647007805725,61.31830008673027,35.819601040763224
ITEM-046,USDA Prime Center-Cut Filet Mignon (8oz),Prime Steaks & Butcher Cuts,48.0,24.5,617,3.521880064829822,1.439220240677784,3.4586709886547813,3.4651539708265804,3.59805510534846,109,38,88,186,196,17.666126418152352,31.766612641815232,61.912479740680716,38.087520259319284
ITEM-002,Classic Buffalo Chicken Wings,Appetizers & Small Plates,14.5,11.2,1292,3.5208978328173375,1.4749222454565094,3.503095975232198,3.458204334365325,3.623839009287926,238,86,176,349,443,18.421052631578945,34.28792569659443,61.30030959752322,36.22291021671827
ITEM-091,Beyond Meat Gourmet Burger,Vegan & Plant-Based Creations,16.99,11.5,794,3.517632241813602,1.475419938773672,3.4508816120906802,3.447103274559194,3.5869017632241813,146,58,97,225,268,18.387909319899247,33.75314861460957,62.09068010075567,36.39798488664987
ITEM-070,Garlic Butter Tiger Prawns Skewer,Chef Specials & Seafood,27.0,11.5,568,3.515845070422535,1.431478678498236,3.4630281690140845,3.461267605633803,3.566901408450704,93,46,89,155,185,16.37323943661972,32.57042253521127,59.859154929577464,35.38732394366197
ITEM-031,Margherita Sourdough Pizza,Wood-Fired Pizzas & Pastas,15.99,12.0,1414,3.5127298444130126,1.4743071741935851,3.4561527581329563,3.4455445544554455,3.613861386138614,256,105,197,370,486,18.104667609618105,34.37057991513437,60.53748231966054,35.00707213578501
ITEM-129,Smoked Rosemary Paloma Tequila,Signature Cocktails & Mocktails,14.5,2.8,788,3.512690355329949,1.4579550422660494,3.4593908629441623,3.450507614213198,3.6065989847715736,136,64,114,208,266,17.258883248730964,33.756345177664976,60.15228426395939,34.77157360406091
ITEM-143,Organic Earl Grey Loose Leaf Tea,Specialty Coffee & Beverages,4.25,0.45,688,3.511627906976744,1.4151946166944973,3.484011627906977,3.427325581395349,3.5915697674418605,112,57,95,215,209,16.27906976744186,30.377906976744185,61.627906976744185,37.06395348837209
ITEM-018,Prime Wagyu Truffle Burger,Artisanal Burgers & Handhelds,28.0,11.5,334,3.4880239520958085,1.4719112779768297,3.4820359281437128,3.4550898203592815,3.5778443113772456,58,34,40,91,111,17.365269461077844,33.23353293413174,60.47904191616767,32.93413173652694
ITEM-060,Pepper-Crusted Bison Tenderloin,Prime Steaks & Butcher Cuts,58.0,25.0,86,3.4767441860465116,1.5241332671857373,3.383720930232558,3.395348837209302,3.5697674418604652,18,6,7,27,28,20.930232558139537,32.55813953488372,63.95348837209303,36.04651162790697
ITEM-013,Loaded Queso Nachos,Appetizers & Small Plates,12.99,15.0,921,3.47014115092291,1.4719954223886091,3.41042345276873,3.43756786102063,3.591748099891422,171,75,119,262,294,18.566775244299674,31.921824104234524,60.36916395222585,33.65906623235613
ITEM-078,Burrata Caprese Heirloom Salad,Farm-Fresh Salads & Grain Bowls,16.5,7.8,510,3.466666666666667,1.4879564534403023,3.4686274509803923,3.3980392156862744,3.556862745098039,98,37,73,133,169,19.215686274509807,33.13725490196078,59.21568627450981,32.745098039215684
ITEM-135,Red Sangria Pitcher (House Wine),Signature Cocktails & Mocktails,29.0,6.2,631,3.4595879556259903,1.4910949917407628,3.386687797147385,3.375594294770206,3.589540412044374,121,48,93,158,211,19.17591125198098,33.43898573692552,58.478605388272584,31.695721077654515
ITEM-065,Jumbo Lump Crab Cakes (2pcs),Chef Specials & Seafood,32.0,15.0,382,3.426701570680628,1.5296266197165753,3.424083769633508,3.413612565445026,3.568062827225131,86,19,45,110,122,22.5130890052356,31.93717277486911,60.73298429319372,33.246073298429316
ITEM-105,Artisanal Vegan Charcuterie Board,Vegan & Plant-Based Creations,26.0,8.5,184,3.375,1.5133738951257507,3.3532608695652173,3.25,3.4782608695652173,36,22,21,47,58,19.565217391304348,31.521739130434785,57.065217391304344,25.543478260869566
ITEM-075,Seafood Bouillabaisse Saffron Rouille,Chef Specials & Seafood,37.0,16.5,223,3.3497757847533634,1.4715278093346436,3.3228699551569507,3.3452914798206277,3.4618834080717487,44,23,27,69,60,19.730941704035875,26.905829596412556,57.847533632286996,27.802690582959645
ITEM-008,Reserve Osetra Caviar Blinis,Appetizers & Small Plates,65.0,16.5,53,3.3207547169811322,1.5035034075024751,3.3207547169811322,3.3962264150943398,3.509433962264151,12,1,14,10,16,22.641509433962266,30.18867924528302,49.056603773584904,24.528301886792452
